Rank,Year,Title,Link
1,1930,Body and Soul,/wiki/Body_and_Soul_(song)
2,1939,All the Things You Are,/wiki/All_the_Things_You_Are
3,1935,Summertime,/wiki/Summertime_(song)
4,1944,'Round Midnight,/wiki/%27Round_Midnight_(song)
5,1935,I Can't Get Started (with You),
6,1937,My Funny Valentine,/wiki/My_Funny_Valentine
7,1942,"Lover Man (Oh, Where Can You Be?) ",
8,1930,What Is This Thing Called Love?,/wiki/What_Is_This_Thing_Called_Love%3F
9,1933,Yesterdays,/wiki/Yesterdays_(1933_song)
10,1946,Stella By Starlight,
11,1947,Autumn Leaves (Les Feuilles Mortes),
12,1929,Star Dust,
13,1932,Willow Weep for Me,/wiki/Willow_Weep_for_Me
14,1939,What's New?,/wiki/What%27s_New%3F
15,1929,Honeysuckle Rose,/wiki/Honeysuckle_Rose_(song)
16,1925,Sweet Georgia Brown,/wiki/Sweet_Georgia_Brown
17,1936,Caravan,/wiki/Caravan_(1937_song)
18,1924,The Man I Love,/wiki/The_Man_I_Love_(song)
19,1935,In a Sentimental Mood,/wiki/In_a_Sentimental_Mood
20,1914,St Louis Blues,
21,1940,How High the Moon,/wiki/How_High_the_Moon
22,1924,"Oh, Lady Be Good! ",
23,1941,"Take the ""A"" Train ",
24,1930,Embraceable You,/wiki/Embraceable_You
25,1947,On Green Dolphin Street,/wiki/On_Green_Dolphin_Street_(song)
26,1946,Tenderly,/wiki/Tenderly
27,1936,The Way You Look Tonight,/wiki/The_Way_You_Look_Tonight
28,1936,These Foolish Things,
29,1941,I'll Remember April,/wiki/I%27ll_Remember_April_(song)
30,1930,Love for Sale,/wiki/Love_for_Sale_(song)
31,1933,Sophisticated Lady,/wiki/Sophisticated_Lady
32,1929,Ain't Misbehavin',/wiki/Ain%27t_Misbehavin%27_(song)
33,1932,Night and Day,/wiki/Night_and_Day_(song)
34,1918,After You've Gone,/wiki/After_You%27ve_Gone_(song)
35,1945,Laura,/wiki/Laura_(1945_song)
36,1949,Lush Life,/wiki/Lush_Life_(song)
37,1928,Sweet Lorraine,/wiki/Sweet_Lorraine
38,1932,Don't Blame Me,/wiki/Don%27t_Blame_Me_(song)
39,1938,Cherokee (Indian Love Song),
40,1942,Night in Tunisia,
41,1917,Indiana (Back Home Again in Indiana),
42,1938,You Go to My Head,/wiki/You_Go_to_My_Head
43,1942,There Will Never Be Another You,/wiki/There_Will_Never_Be_Another_You
44,1930,Georgia on My Mind,/wiki/Georgia_on_My_Mind
45,1953,Satin Doll,/wiki/Satin_Doll
46,1938,Prelude to a Kiss,/wiki/Prelude_to_a_Kiss_(song)
47,1944,I Should Care,/wiki/I_Should_Care
48,1936,Stompin' At the Savoy,
49,1932,How Deep Is the Ocean?,/wiki/How_Deep_Is_the_Ocean%3F
50,1933,I Cover the Waterfront,/wiki/I_Cover_the_Waterfront_(song)
51,1946,Come Rain or Come Shine,/wiki/Come_Rain_or_Come_Shine
52,1936,There Is No Greater Love,/wiki/There_Is_No_Greater_Love
53,1941,You Don't Know What Love Is,/wiki/You_Don%27t_Know_What_Love_Is
54,1930,But Not for Me,/wiki/But_Not_for_Me_(song)
55,1930,On the Sunny Side of the Street,/wiki/On_the_Sunny_Side_of_the_Street
56,1954,Misty,/wiki/Misty_(song)
57,1938,Love Is Here to Stay,/wiki/Love_Is_Here_to_Stay
58,1942,Perdido,/wiki/Perdido_(song)
59,1924,Tea for Two,/wiki/Tea_for_Two_(song)
60,1944,It Could Happen to You,
61,1941,I Got It Bad (and That Ain't Good),/wiki/I_Got_It_Bad_(and_That_Ain%27t_Good)
62,1941,Skylark,/wiki/Skylark_(song)
63,1938,Over the Rainbow,/wiki/Over_the_Rainbow
64,1937,The Nearness of You,/wiki/The_Nearness_of_You
65,1928,If I Had You,/wiki/If_I_Had_You_(1928_song)
66,1932,(I Don't Stand A) Ghost of a Chance,
67,1946,Angel Eyes,/wiki/Angel_Eyes_(1946_song)
68,1931,Out of Nowhere,/wiki/Out_of_Nowhere_(Johnny_Green_song)
69,1928,Lover Come Back to Me,
70,1939,Darn That Dream,/wiki/Darn_That_Dream
71,1931,All of Me,/wiki/All_of_Me_(Ruth_Etting_song)
72,1929,More Than You Know,/wiki/More_Than_You_Know_(1929_song)
73,1930,I Got Rhythm,/wiki/I_Got_Rhythm
74,1935,Just One of Those Things,/wiki/Just_One_of_Those_Things_(song)
75,1929,Mean to Me,/wiki/Mean_to_Me_(1929_song)
76,1938,September Song,/wiki/September_Song
77,1926,Someone to Watch Over Me,/wiki/Someone_to_Watch_Over_Me_(song)
78,1926,I've Found a New Baby,/wiki/I%27ve_Found_a_New_Baby
79,1940,Polka Dots and Moonbeams,/wiki/Polka_Dots_and_Moonbeams
80,1937,Easy Living,/wiki/Easy_Living_(song)
81,1936,Pennies from Heaven,/wiki/Pennies_from_Heaven_(song)
82,1939,I Didn't Know What Time It Was,/wiki/I_Didn%27t_Know_What_Time_It_Was
83,1930,Memories of You,/wiki/Memories_of_You
84,1932,It Don't Mean a Thing,/wiki/It_Don%27t_Mean_a_Thing_(If_It_Ain%27t_Got_That_Swing)
85,1931,Just Friends,/wiki/Just_Friends_(1931_song)
86,1937,They Can't Take That Away from Me,/wiki/They_Can%27t_Take_That_Away_from_Me
87,1943,Star Eyes,
88,1937,A Foggy Day,
89,1932,Alone Together,/wiki/Alone_Together_(song)
90,1929,"Just You, Just Me","/wiki/Just_You,_Just_Me"
91,1935,My Romance,/wiki/My_Romance_(song)
92,1942,Things Ain't What They Used to Be,/wiki/Things_Ain%27t_What_They_Used_to_Be
93,1943,Do Nothin' Till You Hear from Me,/wiki/Do_Nothin%27_Till_You_Hear_from_Me
94,1934,Blue Moon,/wiki/Blue_Moon_(song)
95,1931,I Surrender Dear,/wiki/I_Surrender_Dear
96,1940,You Stepped Out of a Dream,/wiki/You_Stepped_Out_of_a_Dream
97,1953,My One and Only Love,/wiki/My_One_and_Only_Love
98,1927,'S Wonderful!,
99,1933,Smoke Gets in Your Eyes,/wiki/Smoke_Gets_in_Your_Eyes
100,1953,Here's That Rainy Day,/wiki/Here%27s_That_Rainy_Day
101,1934,My Old Flame,/w/index.php?title=My_Old_Flame&action=edit&redlink=1
102,1941,Everything Happens to Me,/wiki/Everything_Happens_to_Me_(song)
103,1949,My Foolish Heart,/wiki/My_Foolish_Heart_(song)
104,1942,Don't Get Around Much Anymore,/wiki/Don%27t_Get_Around_Much_Anymore
105,1939,Undecided,
106,1933,Stormy Weather (Keeps Rainin' All the Time),
107,1934,The Very Thought of You,
108,1939,I Thought About You,/wiki/I_Thought_About_You
109,1920,Avalon,/wiki/Avalon_(Al_Jolson_song)
110,1928,Mack the Knife,/wiki/Mack_the_Knife
111,1934,For All We Know,/wiki/For_All_We_Know_(1934_song)
112,1945,Billie's Bounce,/wiki/Billie%27s_Bounce
113,1930,Exactly Like You,/wiki/Exactly_Like_You_(song)
114,1945,It Might As Well Be Spring,
115,1948,Nature Boy,/wiki/Nature_Boy
116,1942,I Remember You,/wiki/I_Remember_You_(1941_song)
117,1935,Goodbye,/wiki/Goodbye_(Gordon_Jenkins_song)
118,1932,Lover,/wiki/Lover_(song)
119,1944,I Love You,/wiki/I_Love_You_(Cole_Porter_song)
120,1943,Speak Low,/wiki/Speak_Low
121,1934,Autumn in New York,/wiki/Autumn_in_New_York_(song)
122,1936,Easy to Love,/wiki/You%27d_Be_So_Easy_to_Love
123,1938,This Can't Be Love,
124,1935,Little Girl Blue,/wiki/Little_Girl_Blue_(song)
125,1934,East of the Sun (and West of the Moon),/wiki/East_of_the_Sun_(and_West_of_the_Moon)
126,1926,Bye Bye Blackbird,/wiki/Bye_Bye_Blackbird
127,1946,If You Could See Me Now,/wiki/If_You_Could_See_Me_Now_(song)
128,1934,Moonglow,/wiki/Moonglow_(song)
129,1927,Blue Skies,/wiki/Blue_Skies_(1926_song)
130,1932,April in Paris,/wiki/April_in_Paris_(song)
131,1947,Time After Time,/wiki/Time_After_Time_(1947_song)
132,1928,Softly As in a Morning Sunrise,
133,1947,But Beautiful,/wiki/But_Beautiful_(song)
134,1925,Dinah,/wiki/Dinah_(song)
135,1962,Days of Wine and Roses,/wiki/Days_of_Wine_and_Roses_(song)
136,1934,Solitude,/wiki/(In_My)_Solitude
137,1952,When I Fall in Love,/wiki/When_I_Fall_in_Love
138,1957,I Remember Clifford,/wiki/I_Remember_Clifford_(song)
139,1934,I Get a Kick Out of You,/wiki/I_Get_a_Kick_Out_of_You
140,1940,In a Mellotone,
141,1944,Moonlight in Vermont,/wiki/Moonlight_in_Vermont_(song)
142,1931,Sweet and Lovely,/w/index.php?title=Sweet_and_Lovely&action=edit&redlink=1
143,1937,Gone with the Wind,/wiki/Gone_with_the_Wind_(song)
144,1938,Old Folks,
145,1930,Three Little Words,/wiki/Three_Little_Words_(song)
146,1941,Flamingo,/wiki/Flamingo_(song)
147,1944,Like Someone in Love,/wiki/Like_Someone_in_Love
148,1942,C Jam Blues,/wiki/C_Jam_Blues
149,1925,Sometimes I'm Happy,
150,1929,Gee Baby Ain't I Good to You,
151,1943,Come Sunday,/wiki/Come_Sunday
152,1938,I Let a Song Go Out of My Heart,/wiki/I_Let_a_Song_Go_Out_of_My_Heart
153,1952,Lullaby of Birdland,/wiki/Lullaby_of_Birdland
154,1933,It's Only a Paper Moon,/wiki/It%27s_Only_a_Paper_Moon_(song)
155,1926,If I Could Be with You (One Hour Tonight),/wiki/If_I_Could_Be_with_You_(One_Hour_Tonight)
156,1930,Time on My Hands,
157,1931,Between the Devil and the Deep Blue Sea,/wiki/Between_the_Devil_and_the_Deep_Blue_Sea_(song)
158,1937,Nice Work If You Can Get It,
159,1932,The Song Is You,/wiki/The_Song_Is_You_(song)
160,1936,I've Got You Under My Skin,/wiki/I%27ve_Got_You_Under_My_Skin
161,1930,Mood Indigo,/wiki/Mood_Indigo
162,1928,I Can't Give You Anything but Love,/wiki/I_Can%27t_Give_You_Anything_but_Love
163,1951,Straight No Chaser,
164,1911,My Melancholy Baby,/wiki/My_Melancholy_Baby
165,1921,Sheik of Araby,
166,1926,I Can't Believe That You're in Love with Me,
167,1935,Stairway to the Stars (Park Avenue Fantasy),
168,1946,Yardbird Suite,/wiki/Yardbird_Suite
169,1929,Get Happy,/wiki/Get_Happy_(song)
170,1941,God Bless the Child,/wiki/God_Bless_the_Child_(Billie_Holiday_song)
171,1925,Squeeze Me,/wiki/Squeeze_Me
172,1924,Somebody Loves Me,/wiki/Somebody_Loves_Me
173,1943,Woody'n You,
174,1922,Limehouse Blues,/wiki/Limehouse_Blues_(song)
175,1938,One O'clock Jump,
176,1933,I'm Getting Sentimental Over You,/wiki/I%27m_Getting_Sentimental_Over_You
177,1939,Don't Worry 'Bout Me,/wiki/Don%27t_Worry_%27Bout_Me
178,1939,Imagination,
179,1935,If I Should Lose You,
180,1942,That Old Black Magic,
181,1940,It Never Entered My Mind,/wiki/It_Never_Entered_My_Mind
182,1928,Basin Street Blues,/wiki/Basin_Street_Blues
183,1938,Don't Be That Way,/w/index.php?title=Don%27t_Be_That_Way&action=edit&redlink=1
184,1932,I've Got the World on a String,/wiki/I%27ve_Got_the_World_on_a_String
185,1954,Blue Monk,/wiki/Blue_Monk
186,1944,Groovin' High,/wiki/Groovin%27_High
187,1935,Cheek to Cheek,/wiki/Cheek_to_Cheek
188,1942,You'd Be So Nice to Come Home To,/wiki/You%27d_Be_So_Nice_to_Come_Home_To
189,1929,Liza (All the Clouds'll Roll Away),/wiki/Liza_(All_the_Clouds%27ll_Roll_Away)
190,1931,Wrap Your Troubles in Dreams,
191,1934,I Only Have Eyes for You,/wiki/I_Only_Have_Eyes_for_You
192,1928,She's Funny That Way,/w/index.php?title=She%27s_Funny_That_Way_(song)&action=edit&redlink=1
193,1928,"Sweet Sue, Just You","/wiki/Sweet_Sue,_Just_You"
194,1947,Donna Lee,/wiki/Donna_Lee
195,1935,I'm in the Mood for Love,/wiki/I%27m_in_the_Mood_for_Love
196,1916,Poor Butterfly,/wiki/Poor_Butterfly
197,1945,Since I Fell for You,/wiki/Since_I_Fell_for_You
198,1935,Blue Lou,/wiki/Blue_Lou
199,1917,Rose Room,/wiki/Rose_Room
200,1942,Jitterbug Waltz,/wiki/Jitterbug_Waltz
201,1937,Love Walked In,/wiki/Love_Walked_In
202,1928,Makin' Whoopee,/wiki/Makin%27_Whoopee
203,1933,Rosetta,/w/index.php?title=Rosetta_(song)&action=edit&redlink=1
204,1919,Royal Garden Blues,/wiki/Royal_Garden_Blues
205,1919,Baby Won't You Please Come Home,/wiki/Baby_Won%27t_You_Please_Come_Home
206,1928,Love Me or Leave Me,/wiki/Love_Me_or_Leave_Me_(Donaldson_and_Kahn_song)
207,1941,Blues in the Night,/wiki/Blues_in_the_Night
208,1937,Where or When,
209,1937,In the Still of the Night,
210,1932,I'll Never Be the Same,
211,1954,Django,/w/index.php?title=Django_(John_Lewis_song)&action=edit&redlink=1
212,1942,Tangerine,
213,1927,How Long Has This Been Going On?,/wiki/How_Long_Has_This_Been_Going_On%3F
214,1940,Taking a Chance on Love,/wiki/Taking_a_Chance_on_Love
215,1924,I Want to Be Happy,
216,1967,Wave,/wiki/Wave_(song)
217,1931,When Your Lover Has Gone,/wiki/When_Your_Lover_Has_Gone
218,1953,Confirmation,/wiki/Confirmation_(composition)
219,1940,Lester Leaps In,/wiki/Lester_Leaps_In
220,1944,Ev'ry Time We Say Goodbye,/wiki/Ev%27ry_Time_We_Say_Goodbye
221,1941,Chelsea Bridge,/wiki/Chelsea_Bridge_(song)
222,1937,Have You Met Miss Jones,
223,1955,In Your Own Sweet Way,/wiki/In_Your_Own_Sweet_Way
224,1922,Bugle Call Rag,/wiki/Bugle_Call_Rag
225,1928,When You're Smiling,/wiki/When_You%27re_Smiling
226,1927,I'm Coming Virginia,/w/index.php?title=I%27m_Coming_Virginia&action=edit&redlink=1
227,1940,I Hear a Rhapsody,/wiki/I_Hear_a_Rhapsody
228,1938,Spring Is Here,/wiki/Spring_Is_Here
229,1944,I'm Beginning to See the Light,
230,1956,Just in Time,/wiki/Just_in_Time_(song)
231,1941,Just Squeeze Me (But Don't Tease Me),
232,1933,What Is There to Say,
233,1940,Cottontail,
234,1934,Ill Wind,
235,1934,You and the Night and the Music,/wiki/You_and_the_Night_and_the_Music
236,1927,Ol' Man River,
237,1941,Day Dream,/wiki/Day_Dream
238,1934,Stars Fell on Alabama,/wiki/Stars_Fell_on_Alabama
239,1928,St. James Infirmary,
240,1937,Someday My Prince Will Come,/wiki/Someday_My_Prince_Will_Come
241,1945,We'll Be Together Again,
242,1946,Old Devil Moon,
243,1930,You're Driving Me Crazy (What Did I Do?),
244,1937,That Old Feeling,/wiki/That_Old_Feeling_(song)
245,1923,I Cried for You,/wiki/I_Cried_for_You
246,1927,My Heart Stood Still,/wiki/My_Heart_Stood_Still
247,1935,Begin the Beguine,/wiki/Begin_the_Beguine
248,1959,All Blues,/wiki/All_Blues
249,1932,Moten Swing,/wiki/Moten_Swing
250,1942,I'm Old Fashioned,
251,1932,Lullaby of the Leaves,
252,1952,Invitation,/wiki/Invitation_(song)
253,1944,Don't Explain,/wiki/Don%27t_Explain_(song)
254,1959,Giant Steps,/wiki/Giant_Steps_(composition)
255,1933,It's the Talk of the Town,
256,1940,Flying Home,/wiki/Flying_Home
257,1931,Dancing in the Dark,/wiki/Dancing_in_the_Dark_(Howard_Dietz_and_Arthur_Schwartz_song)
258,1930,I'm Confessin' That I Love You,
259,1917,Tiger Rag,/wiki/Tiger_Rag
260,1928,Crazy Rhythm,/wiki/Crazy_Rhythm
261,1952,That's All,/wiki/That%27s_All_(1952_song)
262,1937,Once in a While,/wiki/Once_in_a_While_(1937_song)
263,1959,Naima,/wiki/Naima
264,1930,Them There Eyes,
265,1947,Almost Like Being in Love,/wiki/Almost_Like_Being_in_Love
266,1931,As Time Goes By,/wiki/As_Time_Goes_By_(song)
267,1919,Indian Summer,
268,1920,Margie,/wiki/Margie_(song)
269,1927,Sugar (That Sugar Baby O' Mine),
270,1935,I Loves You Porgy,
271,1947,Scrapple from the Apple,/wiki/Scrapple_from_the_Apple
272,1942,I'll Be Around,
273,1948,The Night Has a Thousand Eyes,/wiki/The_Night_Has_a_Thousand_Eyes_(jazz_standard)
274,1937,September in the Rain,/wiki/September_in_the_Rain
275,1859,Jingle Bells,/wiki/Jingle_Bells
276,1965,The Shadow of Your Smile,/wiki/The_Shadow_of_Your_Smile
277,1944,Good Bait,/wiki/Good_Bait
278,1927,Thou Swell,
279,1953,It's All Right with Me,
280,1954,Oleo,/wiki/Oleo_(song)
281,1926,Sunday,/wiki/Sunday_(jazz_standard)
282,1896,When the Saints Go Marching In,/wiki/When_the_Saints_Go_Marching_In
283,1966,A Time for Love,
284,1936,There's a Small Hotel,/wiki/There%27s_a_Small_Hotel
285,1926,I Know That You Know,/w/index.php?title=I_Know_That_You_Know&action=edit&redlink=1
286,1938,I Hadn't Anyone Till You,/wiki/I_Hadn%27t_Anyone_Till_You
287,1958,Milestones,/wiki/Milestones_(composition)
288,1922,China Boy,/wiki/China_Boy
289,1938,Falling in Love with Love,/wiki/Falling_in_Love_with_Love
290,1939,I Concentrate on You,/wiki/I_Concentrate_on_You
291,1957,Li'l Darlin',/wiki/Li%27l_Darlin%27
292,1941,My Ship,/wiki/My_Ship
293,1954,Airegin,/wiki/Airegin
294,1941,Besame Mucho,/wiki/Besame_Mucho
295,1934,Deep Purple,/wiki/Deep_Purple_(song)
296,1937,All God's Chillun Got Rhythm,/wiki/All_God%27s_Chillun_Got_Rhythm
297,1956,Whisper Not,
298,1933,Close Your Eyes,/wiki/Close_Your_Eyes_(1933_song)
299,1944,Long Ago (and Far Away),/wiki/Long_Ago_(and_Far_Away)
300,1944,I Fall in Love Too Easily,/wiki/I_Fall_in_Love_Too_Easily
301,1956,Con Alma,/wiki/Con_Alma
302,1925,Always,/wiki/Always_(1925_song)
303,1925,I Never Knew,/w/index.php?title=I_Never_Knew&action=edit&redlink=1
304,1956,I've Grown Accustomed to Her Face,/wiki/I%27ve_Grown_Accustomed_to_Her_Face
305,1946,The Christmas Song,/wiki/The_Christmas_Song
306,1910,King Porter Stomp,/wiki/King_Porter_Stomp
307,1943,My Shining Hour,/wiki/My_Shining_Hour
308,1938,Jeepers Creepers,/wiki/Jeepers_Creepers_(song)
309,1945,Love Letters,/wiki/Love_Letters_(song)
310,1928,You Took Advantage of Me,/wiki/You_Took_Advantage_of_Me
311,1953,Secret Love,/wiki/Secret_Love_(Doris_Day_song)
312,1945,I Wish I Knew,/wiki/I_Wish_I_Knew
313,1944,Well You Needn't,
314,1940,Soft Winds,/wiki/Soft_Winds
315,1946,This Is Always,
316,1945,Good Morning Heartache,/wiki/Good_Morning_Heartache
317,1936,Until the Real Thing Comes Along,
318,1945,The More I See You,/wiki/The_More_I_See_You
319,1951,I'm a Fool to Want You,
320,1929,Strike Up the Band,/wiki/Strike_Up_the_Band_(song)
321,1952,Bemsha Swing,/wiki/Bemsha_Swing
322,1950,Please Send Me Someone to Love,/wiki/Please_Send_Me_Someone_to_Love
323,1969,A Child Is Born,/wiki/A_Child_Is_Born_(jazz_standard)
324,1946,Born to Be Blue,/wiki/Born_to_Be_Blue_(Mel_Torm%C3%A9_song)
325,1947,Midnight Sun,/wiki/Midnight_Sun_(Lionel_Hampton_and_Sonny_Burke_song)
326,1934,Winter Wonderland,
327,1938,Blue and Sentimental,/wiki/Blue_and_Sentimental
328,1940,Will You Still Be Mine,
329,1924,Fascinating Rhythm,/wiki/Fascinating_Rhythm
330,1956,On the Street Where You Live,
331,1931,When It's Sleepy Time Down South,/wiki/When_It%27s_Sleepy_Time_Down_South
332,1956,Never Let Me Go,
333,1959,My Favorite Things,/wiki/My_Favorite_Things_(song)
334,1936,Poinciana,/wiki/Poinciana_(song)
335,1941,Bewitched,
336,1937,The Lady Is a Tramp,/wiki/The_Lady_Is_a_Tramp
337,1932,Isn't It Romantic,
338,1926,Deed I Do,
339,1927,Can't Help Lovin' Dat Man,/wiki/Can%27t_Help_Lovin%27_Dat_Man
340,1955,In the Wee Small Hours of the Morning,
341,1949,Walkin',
342,1926,Muskrat Ramble,/wiki/Muskrat_Ramble
343,1954,Bags' Groove,/wiki/Bags%27_Groove_(composition)
344,1937,Too Marvelous for Words,/wiki/Too_Marvelous_for_Words
345,1946,They Say It's Wonderful,
346,1942,Epistrophy,/wiki/Epistrophy
347,1958,Rhythm-A-Ning,/wiki/Rhythm-A-Ning
348,1940,When You Wish Upon a Star,/wiki/When_You_Wish_Upon_a_Star
349,1936,When Lights Are Low,
350,1960,Work Song,
351,1914,12th Street Rag,
352,1954,Fly Me to the Moon (In Other Words),
353,1936,Where Are You,
354,1945,Now's the Time,/wiki/Now%27s_the_Time_(Charlie_Parker_song)
355,1945,Ruby My Dear,
356,1954,All of You,/wiki/All_of_You_(Cole_Porter_song)
357,1941,I'm Glad There Is You,
358,1930,Fine and Dandy,/wiki/Fine_and_Dandy_(song)
359,1922,On the Alamo,/wiki/On_the_Alamo
360,1930,I Want a Little Girl,
361,1924,It Had to Be You,/wiki/It_Had_to_Be_You_(song)
362,1925,Remember,/wiki/Remember_(1925_song)
363,1945,I'm Just a Lucky So and So,
364,1919,Someday Sweetheart,/wiki/Someday_Sweetheart
365,1934,As Long As I Live,
366,1940,Broadway,/wiki/Broadway_(1940_song)
367,1934,What a Difference a Day Made,
368,1922,Way Down Yonder in New Orleans,/wiki/Way_Down_Yonder_in_New_Orleans
369,1930,Rockin' in Rhythm,/wiki/Rockin%27_in_Rhythm
370,1929,Without a Song,/wiki/Without_a_Song
371,1956,St. Thomas,/wiki/St._Thomas_(song)
372,1948,It's You or No One,
373,1942,What Am I Here For,
374,1934,You're My Thrill,
375,1932,You Can Depend on Me,
376,1932,Street of Dreams,/wiki/Street_of_Dreams_(1932_song)
377,1929,Why Was I Born,
378,1932,Keepin' Out of Mischief Now,/w/index.php?title=Keepin%27_Out_of_Mischief_Now&action=edit&redlink=1
379,1930,My Ideal,/w/index.php?title=My_Ideal&action=edit&redlink=1
380,1921,Jazz Me Blues,/w/index.php?title=Jazz_Me_Blues&action=edit&redlink=1
381,1929,Soon,/wiki/Soon_(1927_song)
382,1962,Corcovado (Quiet Nights of Quiet Stars),/wiki/Corcovado_(Quiet_Nights_of_Quiet_Stars)
383,1945,Hot House,/wiki/Hot_House_(composition)
384,1927,Hallelujah,/w/index.php?title=Hallelujah_(jazz_standard)&action=edit&redlink=1
385,1937,Topsy,
386,1935,I Wished on the Moon,
387,1940,All or Nothing At All,
388,1949,Crazy He Calls Me,/wiki/Crazy_He_Calls_Me
389,1949,Early Autumn,/wiki/Early_Autumn_(song)
390,1950,From This Moment On,/wiki/From_This_Moment_On_(Cole_Porter_song)
391,1956,Too Close for Comfort,/wiki/Too_Close_for_Comfort_(1956_song)
392,1950,The End of a Love Affair,/w/index.php?title=The_End_of_a_Love_Affair&action=edit&redlink=1
393,1931,You're My Everything,
394,1953,Bernie's Tune,/wiki/Bernie%27s_Tune
395,1942,You've Changed,
396,1938,The Masquerade Is Over,/w/index.php?title=The_Masquerade_Is_Over&action=edit&redlink=1
397,1884,Dark Eyes,/wiki/Dark_Eyes_(song)
398,1944,A Flower Is a Lovesome Thing,/wiki/A_Flower_Is_a_Lovesome_Thing
399,1943,The Surrey with the Fringe on Top,/wiki/The_Surrey_with_the_Fringe_on_Top
400,1964,Watch What Happens,
401,1921,There'll Be Some Changes Made,
402,1954,Solar,/wiki/Solar_(composition)
403,1520,Greensleeves,/wiki/Greensleeves
404,1940,White Christmas,
405,1910,Some of These Days,/wiki/Some_of_These_Days
406,1927,My Blue Heaven,/wiki/My_Blue_Heaven_(song)
407,1928,Coquette,/wiki/Coquette_(song)
408,1929,Louise,/wiki/Louise_(1929_song)
409,1926,Trouble in Mind,
410,1938,Get Out of Town,/wiki/Get_Out_of_Town
411,1944,Passion Flower,/w/index.php?title=Passion_Flower_(composition)&action=edit&redlink=1
412,1942,Raincheck,
413,1922,Farewell Blues,/wiki/Farewell_Blues
414,1940,I Hear Music,/wiki/I_Hear_Music
415,1915,I Ain't Got Nobody (and Nobody Cares for Me),
416,1941,This Time the Dream's on Me,
417,1934,Santa Claus Is Coming to Town,/wiki/Santa_Claus_Is_Coming_to_Town
418,1956,Nica's Dream,/wiki/Nica%27s_Dream
419,1931,Who Cares? (So Long As You Care for Me),
420,1935,It Ain't Necessarily So,
421,1955,Shiny Stockings,/w/index.php?title=Shiny_Stockings&action=edit&redlink=1
422,1953,"Baubles, Bangles and Beads","/wiki/Baubles,_Bangles_and_Beads"
423,1953,Cry Me a River,/wiki/Cry_Me_a_River
424,1955,Stablemates,/w/index.php?title=Stablemates_(song)&action=edit&redlink=1
425,1943,Travelin' Light,
426,1959,Blue in Green,/wiki/Blue_in_Green
427,1936,A Fine Romance,/wiki/A_Fine_Romance_(song)
428,1939,I'll Never Smile Again,/wiki/I%27ll_Never_Smile_Again
429,1926,Blue Room,/wiki/Blue_Room_(1926_song)
430,1911,Dear Old Stockholm,/wiki/Dear_Old_Stockholm
431,1927,Why Do I Love You?,
432,1929,Black and Blue,/wiki/Black_and_Blue_(Fats_Waller_song)
433,1944,52nd Street Theme,
434,1944,Out of This World,
435,1959,So What,/wiki/So_What_(composition)
436,1938,Jumpin' At the Woodside,
437,1929,Rockin' Chair,/wiki/Rockin%27_Chair_(1929_song)
438,1939,Frenesi,
439,1939,Something to Live For,/wiki/Something_to_Live_For_(song)
440,1944,Be-Bop,
441,1927,Chloe,
442,1945,Dream,/wiki/Dream_(song)
443,1948,So in Love (Am I),/w/index.php?title=So_in_Love_(Am_I)&action=edit&redlink=1
444,1953,Teach me Tonight,
445,1944,The Night We Called It a Day,
446,1914,They Didn't Believe Me,/wiki/They_Didn%27t_Believe_Me
447,1928,The Breeze and I,/wiki/The_Breeze_and_I
448,1941,Air Mail Special,/wiki/Air_Mail_Special
449,1932,You Are Too Beautiful,
450,1941,How About You,
451,1927,Back in Your Own Backyard,/wiki/Back_in_Your_Own_Backyard
452,1944,Don't You Know I Care?,/w/index.php?title=Don%27t_You_Know_I_Care%3F&action=edit&redlink=1
453,1938,I'll Be Seeing You,/wiki/I%27ll_Be_Seeing_You_(song)
454,1923,Who's Sorry Now?,
455,1940,I Could Write a Book,/wiki/I_Could_Write_a_Book
456,1946,For Heaven's Sake,/w/index.php?title=For_Heaven%27s_Sake_(1958_song)&action=edit&redlink=1
457,1944,Have Yourself a Merry Little Christmas,/wiki/Have_Yourself_a_Merry_Little_Christmas
458,1947,Lady Bird,/wiki/Lady_Bird_(composition)
459,1940,All Too Soon,/wiki/All_Too_Soon
460,1940,Fools Rush in (Where Angels Fear to Tread),
461,1941,Just A-Sittin' and A-Rockin',/wiki/Just_A-Sittin%27_and_A-Rockin%27
462,1946,Ornithology,/wiki/Ornithology_(composition)
463,1916,Beale Street Blues,/wiki/Beale_Street_Blues
464,1931,I Don't Know Why (I Just Do),
465,1950,I've Never Been in Love Before,
466,1950,If I Were a Bell,
467,1946,Our Delight,/wiki/Our_Delight
468,1943,See See Rider,/wiki/See_See_Rider
469,1927,Russian Lullaby,/w/index.php?title=Russian_Lullaby&action=edit&redlink=1
470,1962,The Good Life,/wiki/The_Good_Life_(1962_song)
471,1937,The Folks Who Live on the Hill,
472,1921,My Man,/wiki/My_Man
473,1924,I'll See You in My Dreams,
474,1936,The Touch of Your Lips,
475,1951,Ask Me Now,/wiki/Ask_Me_Now
476,1818,"Silent Night, Holy Night",
477,1957,Soul Eyes,/wiki/Soul_Eyes
478,1909,"Swing Low, Sweet Chariot","/wiki/Swing_Low,_Sweet_Chariot"
479,1963,The Girl from Ipanema,/wiki/The_Girl_from_Ipanema
480,1933,Let's Fall in Love,/wiki/Let%27s_Fall_in_Love
481,1935,My Man's Gone Now,
482,1922,Runnin' Wild,/wiki/Runnin%27_Wild_(1922_song)
483,1946,Anthropology,/wiki/Anthropology_(composition)
484,1948,Misterioso,/w/index.php?title=Misterioso_(song)&action=edit&redlink=1
485,1941,When the Sun Comes Out,/wiki/When_the_Sun_Comes_Out
486,1929,Am I Blue,
487,1930,I've Got a Crush on You,/wiki/I%27ve_Got_a_Crush_on_You
488,1948,Parker's Mood,/w/index.php?title=Parker%27s_Mood&action=edit&redlink=1
489,1925,Manhattan,/wiki/Manhattan_(song)
490,1948,Manteca,/wiki/Manteca_(song)
491,1934,If Dreams Come True,
492,1851,Old Folks at Home,/wiki/Old_Folks_at_Home
493,1911,Panama,/wiki/Panama_(jazz_standard)
494,1956,Pannonica,/w/index.php?title=Pannonica_(composition)&action=edit&redlink=1
495,1947,In Walked Bud,/wiki/In_Walked_Bud
496,1922,My Buddy,/wiki/My_Buddy_(song)
497,1948,Evidence,/w/index.php?title=Evidence_(Thelonious_Monk_song)&action=edit&redlink=1
498,1910,Shine,/wiki/Shine_(1910_song)
499,1930,Bye Bye Blues,/wiki/Bye_Bye_Blues_(song)
500,1944,I Didn't Know About You,/wiki/I_Didn%27t_Know_About_You
501,1926,Birth of the Blues,
502,1942,Main Stem,/wiki/Main_Stem
503,1939,"Day In, Day Out","/wiki/Day_In,_Day_Out_(1939_song)"
504,1939,Nuages,/wiki/Nuages
505,1918,Sometimes I feel Like a Motherless Child,
506,1964,Emily,/wiki/Emily_(1964_song)
507,1924,Everybody Loves My Baby,/wiki/Everybody_Loves_My_Baby
508,1963,People,/wiki/People_(1964_song)
509,1934,All Through the Night,/wiki/All_Through_the_Night_(Cole_Porter_song)
510,1949,Move,/wiki/Denzil_Best
511,1954,Joy Spring,/w/index.php?title=Joy_Spring_(song)&action=edit&redlink=1
512,1964,Waltz for Debby,/wiki/Waltz_for_Debby_(song)
513,1918,At the Jazz Band Ball,/wiki/At_the_Jazz_Band_Ball
514,1991,Frankie and Johnny,/wiki/Frankie_and_Johnny_(song)
515,1935,I'm Gonna Sit Right Down and Write Myself a Letter,
516,1933,Carioca,/wiki/Carioca_(song)
517,1956,When Sunny Gets Blue,/w/index.php?title=When_Sunny_Gets_Blue&action=edit&redlink=1
518,1944,There's No You,
519,1928,The Peanut Vendor,/wiki/The_Peanut_Vendor
520,1938,Swinging the Blues,/w/index.php?title=Swinging_the_Blues&action=edit&redlink=1
521,1941,Don't Take Your Love from Me,/wiki/Don%27t_Take_Your_Love_from_Me
522,1956,Until I Met You (Corner Pocket),
523,1951,Au Privave,/wiki/Au_Privave
524,1954,Smile,/wiki/Smile_(Charlie_Chaplin_song)
525,1933,You're Mine You,
526,1937,Last Night When We Were Young,/wiki/Last_Night_When_We_Were_Young
527,1935,It's Easy to Remember,
528,1932,I Gotta Right to Sing the Blues,/wiki/I_Gotta_Right_to_Sing_the_Blues
529,1947,Bouncin' with Bud,
530,1939,The Lamp Is Low,/wiki/The_Lamp_Is_Low
531,1928,I'll Get By (As Long As I Have You),
532,1955,Afternoon in Paris,/wiki/Afternoon_in_Paris
533,1961,One Note Samba,
534,1934,(Ooh) What a Little Moonlight Can Do,
535,1941,Goin' to Chicago Blues,
536,1929,With a Song in My Heart,
537,1954,Four,/wiki/Four_(composition)
538,1962,Nobody Knows the Trouble I've Seen,
539,1935,"Bess, You Is My Woman Now","/wiki/Bess,_You_Is_My_Woman_Now"
540,1920,Whispering,/wiki/Whispering_(song)
541,1922,Chicago (That Toddlin' Town),/wiki/Chicago_(That_Toddlin%27_Town)
542,1946,Monk's Mood,/w/index.php?title=Monk%27s_Mood&action=edit&redlink=1
543,1955,Blues in the Closet,/wiki/Blues_in_the_Closet
544,1959,Sister Sadie,/wiki/Sister_Sadie
545,1966,Alfie,/wiki/Alfie_(song)
546,1940,Warm Valley,
547,1917,Darktown Strutters Ball,
548,1944,Blue 'N' Boogie,/wiki/Blue_%27N%27_Boogie
549,1940,Cabin in the Sky,/w/index.php?title=Cabin_in_the_Sky&action=edit&redlink=1
550,1936,Pick Yourself Up,/wiki/Pick_Yourself_Up
551,1934,Then I'll Be Tired of You,
552,1963,How Insensitive,/wiki/How_Insensitive
553,1953,I Love Paris,/wiki/I_Love_Paris
554,1945,Let It Snow! Let It Snow! Let It Snow!,
555,1936,You Better Go Now,
556,1928,Struttin' with Some Barbecue,/w/index.php?title=Struttin%27_with_Some_Barbecue&action=edit&redlink=1
557,1963,Blue Bossa,/wiki/Blue_Bossa
558,1956,Upper Manhattan Medical Group (UMMG),
559,1929,"How Long, How Long Blues",
560,1926,After I Say I'm Sorry,/wiki/After_I_Say_I%27m_Sorry
561,1954,Young and Foolish,/wiki/Young_and_Foolish
562,1940,Seven Come Eleven,/w/index.php?title=Seven_Come_Eleven&action=edit&redlink=1
563,1956,Canadian Sunset,/wiki/Canadian_Sunset
564,1928,I Must Have That Man,/w/index.php?title=I_Must_Have_That_Man&action=edit&redlink=1
565,1959,Moanin',/wiki/Moanin%27_(song)
566,1933,Drop Me off in Harlem,
567,1950,Love You Madly,/w/index.php?title=Love_You_Madly_(Duke_Ellington_song)&action=edit&redlink=1
568,1931,(I'll Be Glad When You're Dead) You Rascal You,
569,1948,No Moon At All,
570,1957,All the Way,/wiki/All_the_Way_(Frank_Sinatra_song)
571,1914,That's a Plenty,/wiki/That%27s_a_Plenty
572,1948,Detour Ahead,/wiki/Detour_Ahead
573,1936,Dedicated to You,/w/index.php?title=Dedicated_to_You_(song)&action=edit&redlink=1
574,1928,Lonesome Road,/wiki/Lonesome_Road
575,1938,"A-Tisket, A-Tasket","/wiki/A-Tisket,_A-Tasket"
576,1957,Moment's Notice,/wiki/Moment%27s_Notice
577,1930,Walkin' My Baby Back Home,
578,1911,Alexander's Ragtime Band,/wiki/Alexander%27s_Ragtime_Band
579,1933,Everything I Have Is Yours,/wiki/Everything_I_Have_Is_Yours_(song)
580,1931,Penthouse Serenade,/wiki/Penthouse_Serenade
581,1935,Lulu's Back in Town,
582,1929,How Am I to Know?,/w/index.php?title=How_Am_I_to_Know%3F&action=edit&redlink=1
583,1930,Just a Gigolo,/wiki/Just_a_Gigolo_(song)
584,1938,My Heart Belongs to Daddy,/wiki/My_Heart_Belongs_to_Daddy
585,1934,Cocktails for Two,/wiki/Cocktails_for_Two
586,1938,Lullaby in Rhythm,
587,1951,My Little Suede Shoes,/w/index.php?title=My_Little_Suede_Shoes&action=edit&redlink=1
588,1936,Christopher Columbus,/wiki/Christopher_Columbus_(jazz_song)
589,1921,Dear Old Southland,/wiki/Dear_Old_Southland
590,1941,This Love of Mine,
591,1957,Maria,/wiki/Maria_(1956_song)
592,1931,Beautiful Love,/wiki/Beautiful_Love_(1931_song)
593,1918,Somebody Stole My Gal,/wiki/Somebody_Stole_My_Gal
594,1931,Blues in My Heart,/wiki/Blues_in_My_Heart
595,1942,Dearly Beloved,/w/index.php?title=Dearly_Beloved_(1942_song)&action=edit&redlink=1
596,1967,You Must Believe in Spring,
597,1941,9:20 Special,
598,1927,The Song Is Ended,/w/index.php?title=The_Song_Is_Ended&action=edit&redlink=1
599,1956,The Preacher,/wiki/The_Preacher_(Horace_Silver_song)
600,1935,Red Sails in the Sunset,/wiki/Red_Sails_in_the_Sunset_(song)
601,1945,Shaw Nuff,/w/index.php?title=Shaw_Nuff&action=edit&redlink=1
602,1940,Blueberry Hill,/wiki/Blueberry_Hill_(song)
603,1957,Birk's Works,/wiki/Birk%27s_Works
604,1980,Love Dance,/wiki/Love_Dance
605,1975,The Peacocks,/w/index.php?title=The_Peacocks_(song)&action=edit&redlink=1
606,1966,Sunny,/wiki/Sunny_(song)
607,1925,Who,
608,1971,The Summer Knows,/wiki/The_Summer_Knows
609,1963,Watermelon Man,/wiki/Watermelon_Man_(composition)
610,1959,Goodbye Pork Pie Hat,/wiki/Goodbye_Pork_Pie_Hat
611,1965,Girl Talk,/wiki/Girl_Talk_(Neal_Hefti_song)
612,1928,Cherry,/wiki/Cherry_(jazz_standard)
613,1915,Weary Blues,/wiki/Weary_Blues
614,1923,Tin Roof Blues,/wiki/Tin_Roof_Blues
615,1943,Tico Tico (Tico No Fuba),
616,1935,Let's Face the Music and Dance,/wiki/Let%27s_Face_the_Music_and_Dance
617,1928,Nagasaki,/wiki/Nagasaki_(song)
618,1966,Footprints,/wiki/Footprints_(composition)
619,1965,Yesterday,
620,1950,Too Late Now,
621,1941,'Tis Autumn,/wiki/%27Tis_Autumn
622,1944,Nancy (with the Laughing Face),
623,1947,Tin Tin Deo,/w/index.php?title=Tin_Tin_Deo&action=edit&redlink=1
624,1936,Sing,
625,1947,I Mean You,/wiki/I_Mean_You
626,1929,I May Be Wrong,/w/index.php?title=I_May_Be_Wrong&action=edit&redlink=1
627,1948,Barbados,/wiki/Barbados_(Charlie_Parker_composition)
628,1959,Killer Joe,/w/index.php?title=Killer_Joe_(song)&action=edit&redlink=1
629,1937,Azure,/wiki/Azure_(song)
630,1948,On a Slow Boat to China,
631,1939,Some Other Spring,/w/index.php?title=Some_Other_Spring_(song)&action=edit&redlink=1
632,1929,Can't We Be Friends,/wiki/Can%27t_We_Be_Friends
633,1959,Nardis,/wiki/Nardis_(composition)
634,1930,Please Don't Talk About Me When I'm Gone,/wiki/Please_Don%27t_Talk_About_Me_When_I%27m_Gone
635,1951,Wonder Why,
636,1931,I'm Thru with Love,
637,1953,Ruby,/wiki/Ruby_(1952_song)
638,1952,Night Train,/wiki/Night_Train_(composition)
639,1932,Say It Isn't So,/wiki/Say_It_Isn%27t_So_(Irving_Berlin_song)
640,1932,You're Blase,
641,1933,On the Trail,
642,1938,Baia,
643,1954,Lazy Afternoon,/w/index.php?title=Lazy_Afternoon_(song)&action=edit&redlink=1
644,1936,Shoe Shine Boy,/w/index.php?title=Shoe_Shine_Boy&action=edit&redlink=1
645,1933,Under a Blanket of Blue,
646,1960,The Second Time Around,/wiki/The_Second_Time_Around
647,1952,Trinkle Tinkle,
648,1928,West End Blues,/wiki/West_End_Blues
649,1910,Danny Boy,/wiki/Danny_Boy
650,1927,Ain't She Sweet,/wiki/Ain%27t_She_Sweet
651,1876,Deep River,/wiki/Deep_River_(song)
652,1953,Tune Up,
653,1922,Tain't Nobody's Business If I Do,
654,1953,Jordu,/wiki/Jordu
655,1913,Peg O' My Heart,/wiki/Peg_O%27_My_Heart
656,1960,Take Five,/wiki/Take_Five
657,1946,Nobody Else but Me,
658,1918,Ja-Da,/wiki/Ja-Da
659,1944,No More,
660,1936,You Turned the Tables on Me,
661,1939,I Get Along Without You Very Well,/wiki/I_Get_Along_Without_You_Very_Well
662,1933,Easter Parade,/wiki/Easter_Parade_(song)
663,1932,Try a Little Tenderness,
664,1928,Sonny Boy,/wiki/Sonny_Boy_(song)
665,1939,The Lady's in Love with You,
666,1923,Linger Awhile,/w/index.php?title=Linger_Awhile&action=edit&redlink=1
667,1926,In a Little Spanish Town,
668,1894,Humoresque,/wiki/Humoresque
669,1923,Wolverine Blues,/w/index.php?title=Wolverine_Blues_(song)&action=edit&redlink=1
670,1931,Prisoner of Love,/wiki/Prisoner_of_Love_(1931_song)
671,1930,Dancing on the Ceiling,/wiki/Dancing_on_the_Ceiling_(1930_song)
672,1937,I'll Take Romance,
673,1920,Look for the Silver Lining,/wiki/Look_for_the_Silver_Lining
674,1936,Gloomy Sunday,/wiki/Gloomy_Sunday
675,1938,When a Woman Loves a Man,
676,1939,It's a Blue World,
677,1913,Ballin' the Jack,/wiki/Ballin%27_the_Jack
678,1938,You Leave Me Breathless,
679,1940,Tickle Toe,
680,1930,Little White Lies,/wiki/Little_White_Lies_(1930_song)
681,1940,Strange Fruit,/wiki/Strange_Fruit
682,1931,Lazy River,/wiki/(Up_A)_Lazy_River
683,1963,Once I Loved,/w/index.php?title=Once_I_Loved&action=edit&redlink=1
684,1961,Moon River,/wiki/Moon_River
685,1962,Meditation,/wiki/Meditation_(Ant%C3%B4nio_Carlos_Jobim_song)
686,1931,I'm Crazy 'Bout My Baby,
687,1946,Do You Know What It Means to Miss New Orleans,/wiki/Do_You_Know_What_It_Means_to_Miss_New_Orleans
688,1949,Lost in the Stars,/wiki/Lost_in_the_Stars
689,1948,It's Magic,
690,1924,How Come You Do Me Like You Do,
691,1954,Doxy,/wiki/Doxy_(song)
692,1945,Stuffy,/w/index.php?title=Stuffy_(composition)&action=edit&redlink=1
693,1942,Serenade in Blue,/wiki/Serenade_in_Blue
694,1965,Dindi,/wiki/Dindi
695,1945,Day By Day,
696,1940,Tuxedo Junction,/wiki/Tuxedo_Junction
697,1938,Please Be Kind,/wiki/Please_Be_Kind
698,1967,The Look of Love,/wiki/The_Look_of_Love_(1967_song)
699,1946,Moose the Mooche,/wiki/Moose_the_Mooche
700,1949,Allen's Alley,/wiki/Allen%27s_Alley
701,1954,A Sleepin' Bee,/wiki/A_Sleepin%27_Bee
702,1929,I've Got a Feeling I'm Falling,
703,1906,Chinatown My Chinatown,/wiki/Chinatown_My_Chinatown
704,1956,The Party's Over,/wiki/The_Party%27s_Over_(1956_song)
705,1951,Witchcraft,/wiki/Witchcraft_(1957_song)
706,1952,Reflections,/w/index.php?title=Reflections_(Thelonious_Monk_song)&action=edit&redlink=1
707,1973,Send in the Clowns,/wiki/Send_in_the_Clowns
708,1959,A Felicidade,/w/index.php?title=A_Felicidade&action=edit&redlink=1
709,1960,Strollin',/wiki/Strollin%27
710,1947,Robbin's Nest,
711,1941,Squatty Roo,/w/index.php?title=Squatty_Roo&action=edit&redlink=1
712,1949,Jumpin' with Symphony Sid,
713,1959,Desafinado,/wiki/Desafinado
714,1929,The Mooche,/wiki/The_Mooche
715,1921,Loveless Love,/wiki/Loveless_Love
716,1945,Candy,/wiki/Candy_(1944_song)
717,1969,What Are You Doing the Rest of Your Life,
718,1964,Isfahan,/wiki/Isfahan_(song)
719,1956,Somewhere,
720,1960,Estate,/wiki/Estate_(song)
721,1942,Happiness Is a Thing Called Joe,/wiki/Happiness_Is_a_Thing_Called_Joe
722,1951,Unforgettable,
723,1930,For You,/wiki/For_You_(Ricky_Nelson_song)
724,1949,Be My Love,/wiki/Be_My_Love
725,1912,Memphis Blues,
726,1936,I Can't Escape from You,/wiki/I_Can%27t_Escape_from_You
727,1959,Sidewinder,
728,1941,Violets for Your Furs,
729,1833,God Rest Ye Merry Gentlemen,
730,1957,Meaning of the Blues,/wiki/The_Meaning_of_the_Blues
731,1773,Amazing Grace,/wiki/Amazing_Grace
732,1922,Rose of the Rio Grande,/wiki/Rose_of_the_Rio_Grande
733,1948,Big Foot,/wiki/Big_Foot_(Charlie_Parker_composition)
734,1929,You Do Something to Me,
735,1944,I'll Walk Alone,
736,1936,Organ Grinder's Swing,/wiki/Organ_Grinder%27s_Swing
737,1924,The One I Love (Belongs to Somebody Else),
738,1938,Jeep Is Jumpin',/w/index.php?title=Jeep_Is_Jumpin%27&action=edit&redlink=1
739,1943,One for My Baby (And One More for the Road),
740,1938,Deep in a Dream,/wiki/Deep_in_a_Dream
741,1927,Four or Five Times,/w/index.php?title=Four_or_Five_Times&action=edit&redlink=1
742,1966,Dolphin Dance,/wiki/Dolphin_Dance
743,1936,Goodnight My Love,/wiki/Goodnight_My_Love_(1936_song)
744,1929,Blue Turning Grey Over You,/wiki/Blue_Turning_Grey_Over_You
745,1929,Green Eyes (Aquellos Ojos Verdes),/wiki/Green_Eyes_(Aquellos_Ojos_Verdes)
746,1932,My Silent Love,/w/index.php?title=My_Silent_Love&action=edit&redlink=1
747,1930,You Brought a New Kind of Love to Me,
748,1947,Relaxin' At Camarillo,
749,1928,Together,
750,1932,(I Would Do) Anything for You,
751,1924,What'll I Do,
752,1946,A Sunday Kind of Love,/wiki/A_Sunday_Kind_of_Love
753,1929,I Guess I'll Have to Change My Plan,/wiki/I_Guess_I%27ll_Have_to_Change_My_Plan
754,1934,Anything Goes,/wiki/Anything_Goes_(Cole_Porter_song)
755,1955,Spring Can Really Hang You Up the Most,/wiki/Spring_Can_Really_Hang_You_Up_the_Most
756,1937,You're a Sweetheart,
757,1927,Davenport Blues,/wiki/Davenport_Blues
758,1964,Hello Dolly,
759,1931,Guilty,/wiki/Guilty_(1931_song)
760,1931,The Thrill Is Gone,
761,1974,Everything Must Change,/wiki/Everything_Must_Change
762,1937,Thanks for the Memory,
763,1976,Isn't She Lovely,
764,1954,Young At Heart,
765,1955,Daahoud,/wiki/Daahoud
766,1936,Let's Call the Whole Thing Off,/wiki/Let%27s_Call_the_Whole_Thing_Off
767,1939,Jive At Five,/w/index.php?title=Jive_At_Five&action=edit&redlink=1
768,1960,West Coast Blues,/wiki/West_Coast_Blues
769,1963,More,/wiki/More_(Theme_from_Mondo_Cane)
770,1932,You're Getting to Be a Habit with Me,
771,1961,Impressions,/wiki/Impressions_(composition)
772,1959,Afro Blue,/wiki/Afro_Blue
773,1941,Ev'rything I Love,/w/index.php?title=Ev%27rything_I_Love&action=edit&redlink=1
774,1934,P.S. I Love You,/wiki/P.S._I_Love_You_(1934_song)
775,1939,In the Mood,/wiki/In_the_Mood
776,1933,Moon Song (That Wasn't Meant for Me),/wiki/Moon_Song_(That_Wasn%27t_Meant_for_Me)
777,1917,Smiles,
778,1939,It's a Wonderful World,
779,1931,The Hour of Parting,/w/index.php?title=The_Hour_of_Parting&action=edit&redlink=1
780,1946,Ray's Idea,/w/index.php?title=Ray%27s_Idea&action=edit&redlink=1
781,1941,Just a Closer Walk with Thee,/wiki/Just_a_Closer_Walk_with_Thee
782,1956,Namely You,
783,1939,Oh You Crazy Moon,
784,1936,Trust in Me,
785,1946,The Things We Did Last Summer,/wiki/The_Things_We_Did_Last_Summer
786,1939,And the Angels Sing,/wiki/And_the_Angels_Sing
787,1921,Careless Love,/wiki/Careless_Love
788,1945,If I Loved You,
789,1950,The Best Thing for You,
790,1958,Centerpiece,/wiki/Centerpiece_(song)
791,1919,Sugar Blues,/wiki/Sugar_Blues_(song)
792,1944,Sentimental Journey,
793,1953,Un Poco Loco,
794,1930,I'm Yours,
795,1948,Portrait of Jennie,/wiki/Portrait_of_Jennie_(song)
796,1941,Salt Peanuts,/wiki/Salt_Peanuts
797,1928,Let's Do It (Let's Fall in Love),
798,1962,Monk's Dream,/wiki/Monk%27s_Dream_(Thelonious_Monk_album)
799,1947,Chasin' the Bird,/w/index.php?title=Chasin%27_the_Bird_(song)&action=edit&redlink=1
800,1966,On a Clear Day (You Can See Forever),
801,1941,Jersey Bounce,/wiki/Jersey_Bounce
802,1939,Comes Love,/wiki/Comes_Love
803,1940,Five O'clock Whistle,/w/index.php?title=Five_O%27clock_Whistle&action=edit&redlink=1
804,1940,A Nightingale Sang in Berkeley Square,/wiki/A_Nightingale_Sang_in_Berkeley_Square_(song)
805,1943,Is You Is or Is You Ain't My Baby?,
806,1943,People Will Say We're in Love,/wiki/People_Will_Say_We%27re_in_Love
807,1943,Harlem Nocturne,/wiki/Harlem_Nocturne
808,1967,Blood Count,/wiki/Blood_Count
809,1938,The Flat Foot Floogie,/wiki/Flat_Foot_Floogie_(with_a_Floy_Floy)
810,1953,Bloomdido,/wiki/Bloomdido
811,1945,Everything but You,/wiki/Everything_but_You
812,1927,At Sundown,/wiki/At_Sundown
813,1926,Sugar Foot Stomp,/w/index.php?title=Sugar_Foot_Stomp&action=edit&redlink=1
814,1938,Roll 'Em,/w/index.php?title=Roll_%27Em&action=edit&redlink=1
815,1938,Heart and Soul,/wiki/Heart_and_Soul_(1938_song)
816,1938,Sent for You Yesterday,/w/index.php?title=Sent_for_You_Yesterday_(song)&action=edit&redlink=1
817,1938,Two Sleepy People,
818,1927,The Best Things in Life Are Free,/wiki/The_Best_Things_in_Life_Are_Free_(1927_song)
819,1937,What Will I Tell My Heart,
820,1954,Lament,/w/index.php?title=Lament_(J._J._Johnson_song)&action=edit&redlink=1
821,1934,Love Is Just Around the Corner,/wiki/Love_Is_Just_Around_the_Corner
822,1960,Exodus,/wiki/Exodus_(soundtrack)
823,1919,Fidgety Feet,/w/index.php?title=Fidgety_Feet&action=edit&redlink=1
824,1944,That Old Devil Called Love,
825,1936,Glad to Be Unhappy,/wiki/Glad_to_Be_Unhappy
826,1917,Shim-Me-Sha-Wabble,/w/index.php?title=Shim-Me-Sha-Wabble&action=edit&redlink=1
827,1937,By Myself,/wiki/By_Myself_(1937_song)
828,1946,After Hours,/wiki/After_Hours_(Avery_Parrish_song)
829,1944,Star Crossed Lovers,/w/index.php?title=Star_Crossed_Lovers&action=edit&redlink=1
830,1939,You're a Lucky Guy,
831,1962,Sometime Ago,/w/index.php?title=Sometime_Ago&action=edit&redlink=1
832,1954,Don't Go to Strangers,/w/index.php?title=Don%27t_Go_to_Strangers_(1954_song)&action=edit&redlink=1
833,1955,The Duke,/w/index.php?title=The_Duke_(Dave_Brubeck_song)&action=edit&redlink=1
834,1944,Johnny Come Lately,/wiki/Johnny_Come_Lately
835,1939,Tain't What You Do,
836,1929,Deep Night,/wiki/Deep_Night
837,1927,Black and Tan Fantasy,/wiki/Black_and_Tan_Fantasy
838,1928,Marie,/wiki/Marie_(Irving_Berlin_song)
839,1936,Summer Night,/w/index.php?title=Summer_Night_(song)&action=edit&redlink=1
840,1930,Cottage for Sale,
841,1956,I Could Have Danced All Night,/wiki/I_Could_Have_Danced_All_Night
842,1942,Ev'rything I've Got (Belongs to You),/w/index.php?title=Ev%27rything_I%27ve_Got_(Belongs_to_You)&action=edit&redlink=1
843,1924,Nobody's Sweetheart Now,/wiki/Nobody%27s_Sweetheart_Now
844,1934,I'll String Along with You,
845,1928,My Monday Date,/w/index.php?title=My_Monday_Date&action=edit&redlink=1
846,1908,Shine on Harvest Moon,/wiki/Shine_on_Harvest_Moon
847,1979,Close Enough for Love,/wiki/Close_Enough_for_Love_(Johnny_Mandel_song)
848,1946,You Make Me Feel so Young,
849,1924,South,/wiki/South_(composition)
850,1934,Taboo,
851,1947,Sippin' At Bell's,
852,1938,It's Wonderful,
853,1961,Stolen Moments,/wiki/Stolen_Moments_(song)
854,1961,Walk on By,
855,1947,Red Top,/w/index.php?title=Red_Top_(song)&action=edit&redlink=1
856,1956,Fever,/wiki/Fever_(Little_Willie_John_song)
857,1934,Blame It on My Youth,/wiki/Blame_It_on_My_Youth
858,1947,Ow!,
859,1947,Dexterity,/w/index.php?title=Dexterity_(song)&action=edit&redlink=1
860,1954,The Man That Got Away,/wiki/The_Man_That_Got_Away
861,1927,Wild Man Blues,/w/index.php?title=Wild_Man_Blues_(song)&action=edit&redlink=1
862,1938,My Reverie,/wiki/My_Reverie
863,1945,For Sentimental Reasons,/wiki/(I_Love_You)_For_Sentimental_Reasons
864,1947,Maybe You'll Be There,/wiki/Maybe_You%27ll_Be_There
865,1945,I'll Close My Eyes,
866,1946,I Waited for You,
867,1932,New Orleans,/wiki/New_Orleans_(Hoagy_Carmichael_song)
868,1950,Conception,/wiki/Conception_(George_Shearing_song)
869,1942,At Last,/wiki/At_Last
870,1941,Jim,/wiki/Jim_(song)
871,1929,Yours Is My Heart Alone,
872,1953,Bad and the Beautiful (Theme from the),
873,1922,My Honey's Lovin' Arms,/w/index.php?title=My_Honey%27s_Lovin%27_Arms&action=edit&redlink=1
874,1919,The World Is Waiting for the Sunrise,/wiki/The_World_Is_Waiting_for_the_Sunrise
875,1955,Bohemia After Dark,/wiki/Bohemia_After_Dark
876,1947,Off Minor,
877,1943,You'll Never Know,
878,1959,The Best Is Yet to Come,/wiki/The_Best_Is_Yet_to_Come_(song)
879,1967,Triste,
880,1948,Haunted Heart,/w/index.php?title=Haunted_Heart_(Howard_Dietz_song)&action=edit&redlink=1
881,1944,Dizzy Atmosphere,/wiki/Dizzy_Atmosphere
882,1939,Moonlight Serenade,/wiki/Moonlight_Serenade
883,1964,Goin' Out of My Head,/wiki/Goin%27_Out_of_My_Head
884,1936,I'm Putting All My Eggs in One Basket,
885,1939,Perfidia,/wiki/Perfidia
886,1947,Lotus Blossom,/w/index.php?title=Lotus_Blossom&action=edit&redlink=1
887,1963,Mas Que Nada,/wiki/Mas_Que_Nada
888,1944,I Ain't Got Nothin' but the Blues,
889,1899,Maple Leaf Rag,/wiki/Maple_Leaf_Rag
890,1960,Make Someone Happy,/wiki/Make_Someone_Happy_(song)
891,1949,Serenata,/w/index.php?title=Serenata_(song)&action=edit&redlink=1
892,1948,Black Coffee,/wiki/Black_Coffee_(1948_song)
893,1960,A Taste of Honey,
894,1948,Half Nelson,/wiki/Half_Nelson_(song)
895,1947,Cheryl,/wiki/Cheryl_(composition)
896,1936,I'm an Old Cowhand (From the Rio Grande),
897,1936,The Glory of Love,/wiki/The_Glory_of_Love_(song)
898,1948,"Baby, It's Cold Outside",
899,1946,Route 66,/wiki/Route_66_(song)
900,1941,Snowfall,/w/index.php?title=Snowfall_(song)&action=edit&redlink=1
901,1920,Aunt Hagar's Blues,/wiki/Aunt_Hagar%27s_Blues
902,1937,I See Your Face Before Me,/wiki/I_See_Your_Face_Before_Me
903,1960,Equinox,/wiki/Equinox_(standard)
904,1937,I've Got My Love to Keep Me Warm,
905,1946,I Want to Talk About You,
906,1934,The Continental,/wiki/The_Continental_(song)
907,1942,Moonlight Becomes You,/wiki/Moonlight_Becomes_You_(song)
908,1942,Wait Till You See Her,
909,1937,At Long Last Love,/wiki/At_Long_Last_Love
910,1941,Dream Dancing,/wiki/Dream_Dancing
911,1941,Brazil,/wiki/Brazil_(1939_song)
912,1937,This Year's Kisses,
913,1942,There Are Such Things,
914,1941,Chattanooga Choo Choo,/wiki/Chattanooga_Choo_Choo
915,1922,(Please) Do It Again,/wiki/(Please)_Do_It_Again
916,1957,Tonight,
917,1887,Away in a Manger,
918,1924,All Alone,/wiki/All_Alone_(1924_song)
919,1940,You Are My Sunshine,
920,1958,I Can't Stop Loving You,/wiki/I_Can%27t_Stop_Loving_You
921,1930,Any Old Time,/w/index.php?title=Any_Old_Time_(1929_song)&action=edit&redlink=1
922,1930,My Baby Just Cares for Me,/wiki/My_Baby_Just_Cares_for_Me
923,1959,Peace,/w/index.php?title=Peace_(jazz_standard)&action=edit&redlink=1
924,1937,There's a Lull in My Life,/w/index.php?title=There%27s_a_Lull_in_My_Life&action=edit&redlink=1
925,1942,Stormy Monday Blues,/wiki/Stormy_Monday_Blues
926,1937,Change Partners,/wiki/Change_Partners
927,1936,They All Laughed,
928,1951,Hello Young Lovers,"/wiki/Hello,_Young_Lovers_(song)"
929,1952,Kansas City,/wiki/Kansas_City_(Jerry_Leiber_and_Mike_Stoller_song)
930,1941,Roll 'Em Pete,
931,1938,Every Tub,/w/index.php?title=Every_Tub&action=edit&redlink=1
932,1930,Ring Dem Bells,/w/index.php?title=Ring_Dem_Bells_(song)&action=edit&redlink=1
933,1941,Rocks in My Bed,/wiki/Rocks_in_My_Bed
934,1941,Let Me Off Uptown,/w/index.php?title=Let_Me_Off_Uptown&action=edit&redlink=1
935,1941,Jump for Joy,/w/index.php?title=Jump_for_Joy_(song)&action=edit&redlink=1
936,1927,Make Believe,/wiki/Make_Believe_(Jerome_Kern_song)
937,1926,It All Depends on You,/wiki/It_All_Depends_on_You
938,1952,Mambo Inn,/w/index.php?title=Mambo_Inn&action=edit&redlink=1
939,1937,Rosalie,/w/index.php?title=Rosalie_(Cole_Porter_song)&action=edit&redlink=1
940,1934,You're the Top,
941,1940,Fine and Mellow,/wiki/Fine_and_Mellow
942,1948,Four Brothers,/wiki/Four_Brothers_(jazz_standard)
943,1966,Christmas Time is Here,
944,1937,Time Out,
945,1967,What a Wonderful World,/wiki/What_a_Wonderful_World
946,1937,So Rare,/wiki/So_Rare
947,1913,You Made Me Love You,
948,1943,Opus One,
949,1940,Easy Does It,/w/index.php?title=Easy_Does_It_(Sy_Oliver_and_Trummy_Young_song)&action=edit&redlink=1
950,1936,All My Life,/wiki/All_My_Life_(Sam_H._Stept_song)
951,1944,Straighten Up and Fly Right,/wiki/Straighten_Up_and_Fly_Right
952,1965,Maiden Voyage,/wiki/Maiden_Voyage_(composition)
953,1928,The Creole Love Call,
954,1929,Singin' in the Rain,/wiki/Singin%27_in_the_Rain_(song)
955,1942,Idaho,
956,1928,Sweethearts on Parade,/wiki/Sweethearts_on_Parade
957,1933,Temptation,
958,1788,Auld Lang Syne,/wiki/Auld_Lang_Syne
959,1933,Heat Wave,/wiki/Heat_Wave_(Irving_Berlin_song)
960,1941,String of Pearls,
961,1959,Smooth Sailing,/wiki/Smooth_Sailing
962,1945,"It's Been a Long, Long Time",
963,1961,I Believe in You,/wiki/I_Believe_in_You_(Frank_Loesser_song)
964,1921,I'm Just Wild About Harry,
965,1929,Pinetop's Boogie Woogie,/wiki/Pinetop%27s_Boogie_Woogie
966,1957,An Affair to Remember,
967,1937,Bei Mir Bist Du Schoen,/wiki/Bei_Mir_Bist_Du_Schoen
968,1954,Stranger in Paradise,/wiki/Stranger_in_Paradise_(song)
969,1936,Echoes of Harlem,/w/index.php?title=Echoes_of_Harlem&action=edit&redlink=1
970,1938,Now It Can Be Told,
971,1954,I Left My Heart in San Francisco,/wiki/I_Left_My_Heart_in_San_Francisco
972,1955,Too Young to Go Steady,
973,1924,When Day Is Done,
974,1947,What Are You Doing New Year's Eve?,
975,1902,Bill Bailey Won't You Please Come Home,
976,1950,Every Day I Have the Blues,/wiki/Every_Day_I_Have_the_Blues
977,1868,O Little Town of Bethlehem,
978,1945,Red Cross,/w/index.php?title=Red_Cross_(composition)&action=edit&redlink=1
979,1923,Nobody Knows You When You're Down and Out,
980,1939,Wham,
981,1949,Rudolph the Red-Nosed Reindeer,/wiki/Rudolph_the_Red-Nosed_Reindeer_(song)
982,1927,Back Water Blues,/wiki/Back_Water_Blues
983,1926,Maybe,"/wiki/Oh,_Kay!"
984,1946,I Wish You Love,/wiki/I_Wish_You_Love_(song)
985,1939,Riverboat Shuffle,/wiki/Riverboat_Shuffle
986,1921,All By Myself,
987,1938,They Say,
988,1920,Charleston,/wiki/Charleston_(song)
989,1850,It Came Upon a Midnight Clear,
990,1935,Let's Dance,/w/index.php?title=Let%27s_Dance_(Benny_Goodman_song)&action=edit&redlink=1
991,1972,Superstition,/wiki/Superstition_(song)
992,1935,Lullaby of Broadway,
993,1962,What Kind of Fool Am I?,
994,1942,Harvard Blues,/w/index.php?title=Harvard_Blues&action=edit&redlink=1
995,1934,Dream of You,/w/index.php?title=Dream_of_You_(1934_song)&action=edit&redlink=1
996,1963,Wives and Lovers (Hey Little Girl),
997,1958,This Is All I Ask,
998,1938,Doggin' Around,/wiki/Doggin%27_Around
999,1935,I Won't Dance,
1000,1946,To Each His Own,
