Name,Link
"A-Tisket, A-Tasket","/wiki/A-Tisket,_A-Tasket"
"""A"" Train",/wiki/Take_the_%22A%22_Train
Adieu Tristesse,/w/index.php?title=A_Felicidade&action=edit&redlink=1
Across the Alley from the Alamo,/wiki/Across_the_Alley_from_the_Alamo
Ah-Leu-Cha,/wiki/Ah-Leu-Cha
An Affair to Remember (Our Love Affair),/wiki/An_Affair_to_Remember_(Our_Love_Affair)
Afro Blue,/wiki/Afro_Blue
After Hours,/wiki/After_Hours_(Avery_Parrish_song)
After I Say I'm Sorry,/wiki/After_I_Say_I%27m_Sorry
After You've Gone,/wiki/After_You%27ve_Gone_(song)
Afternoon in Paris,/wiki/Afternoon_in_Paris
Água de Beber,/wiki/%C3%81gua_de_Beber
Ain't Got Nothin' But the Blues,/wiki/I_Ain%27t_Got_Nothin%27_But_the_Blues
Ain't Misbehavin',/wiki/Ain%27t_Misbehavin%27_(song)
Ain't Nobody's Business,/wiki/Ain%27t_Nobody%27s_Business
Ain't She Sweet,/wiki/Ain%27t_She_Sweet
Air Mail Special,/wiki/Air_Mail_Special
Airegin,/wiki/Airegin
Aisha,/w/index.php?title=Aisha_(John_Coltrane_song)&action=edit&redlink=1
Aja,/wiki/Aja_(Steely_Dan_song)
Alabamy Bound,/wiki/Alabamy_Bound
Alexander's Ragtime Band,/wiki/Alexander%27s_Ragtime_Band
Alfie,/wiki/Alfie_(song)
Algo Bueno,/wiki/Woody_%27n%27_You
Alice in Wonderland,/wiki/Alice_in_Wonderland_(song)
All Alone,/wiki/All_Alone_(1924_song)
All Blues,/wiki/All_Blues
All by Myself,/wiki/All_by_Myself_(Irving_Berlin_song)
All God's Chillun Got Rhythm,/wiki/All_God%27s_Chillun_Got_Rhythm
All My Life,/wiki/All_My_Life_(Sam_H._Stept_song)
All of Me,/wiki/All_of_Me_(Ruth_Etting_song)
All of You,/wiki/All_of_You_(Cole_Porter_song)
All or Nothing at All,/wiki/All_or_Nothing_at_All
All the Clouds'll Roll Away,/wiki/Liza_(All_the_Clouds%27ll_Roll_Away)
All the Things You Are,/wiki/All_the_Things_You_Are
All the Way,/wiki/All_the_Way_(Frank_Sinatra_song)
All Through the Night,/wiki/All_Through_the_Night_(Cole_Porter_song)
All Too Soon,/wiki/All_Too_Soon
Allen's Alley,/wiki/Allen%27s_Alley
Alligator Crawl,/w/index.php?title=Alligator_Crawl&action=edit&redlink=1
Almost Blue,/wiki/Almost_Blue_(song)
Almost Like Being in Love,/wiki/Almost_Like_Being_in_Love
Alone Together,/wiki/Alone_Together_(song)
Always,/wiki/Always_(1925_song)
Am I Blue?,/wiki/Am_I_Blue%3F
Amazing Grace,/wiki/Amazing_Grace
American Patrol,/wiki/American_Patrol
And Her Tears Flowed Like Wine,/wiki/And_Her_Tears_Flowed_Like_Wine
And the Angels Sing,/wiki/And_the_Angels_Sing
Angel Eyes,/wiki/Angel_Eyes_(1946_song)
Anthropology,/wiki/Anthropology_(composition)
Any Old Time,/w/index.php?title=Any_Old_Time_(1929_song)&action=edit&redlink=1
Anything for You,/wiki/Anything_for_You_(Alex_Hill_and_Claude_Hopkins_song)
Anything Goes,/wiki/Anything_Goes_(Cole_Porter_song)
April in Paris,/wiki/April_in_Paris_(song)
Aquarela do Brasil,/wiki/Aquarela_do_Brasil
Aquellos Ojos Verdes,/wiki/Aquellos_Ojos_Verdes
Around the World,/wiki/Around_the_World_(1956_song)
As Long As I Have You,/wiki/As_Long_As_I_Have_You
As Long as I Live,/wiki/As_Long_as_I_Live
As Time Goes By,/wiki/As_Time_Goes_By_(song)
Ask Me Now,/wiki/Ask_Me_Now
At Last,/wiki/At_Last
At Long Last Love,/wiki/At_Long_Last_Love
At Sundown,/wiki/At_Sundown
At the Darktown Strutters' Ball,/wiki/Darktown_Strutters%27_Ball
At the Jazz Band Ball,/wiki/At_the_Jazz_Band_Ball
Au Privave,/wiki/Au_Privave
Auld Lang Syne,/wiki/Auld_Lang_Syne
Aunt Hagar's Blues,/wiki/Aunt_Hagar%27s_Blues
Autumn in New York,/wiki/Autumn_in_New_York_(song)
Autumn Leaves,/wiki/Autumn_Leaves_(1945_song)
Avalon,/wiki/Avalon_(Al_Jolson_song)
Azure,/wiki/Azure_(song)
Baby Dear,/wiki/Baby_Dear
Baby Face,/wiki/Baby_Face_(1926_song)
Baby Won't You Please Come Home,/wiki/Baby_Won%27t_You_Please_Come_Home
Back Home Again in Indiana,/wiki/Back_Home_Again_in_Indiana
Back in Your Own Backyard,/wiki/Back_in_Your_Own_Backyard
Back to the Land,/w/index.php?title=Back_to_the_Land_(composition)&action=edit&redlink=1
Back Water Blues,/wiki/Back_Water_Blues
Bad and the Beautiful,/wiki/Bad_and_the_Beautiful
Bags' Groove,/wiki/Bags%27_Groove_(composition)
Bahia,/wiki/Bahia_(song)
The Ballad of Mack the Knife,/wiki/The_Ballad_of_Mack_the_Knife
Ballin' the Jack,/wiki/Ballin%27_the_Jack
Barbados,/wiki/Barbados_(Charlie_Parker_composition)
Bark for Barksdale,/w/index.php?title=Bark_for_Barksdale&action=edit&redlink=1
Basin Street Blues,/wiki/Basin_Street_Blues
"Baubles, Bangles and Beads","/wiki/Baubles,_Bangles_and_Beads"
Be My Love,/wiki/Be_My_Love
Beale Street Blues,/wiki/Beale_Street_Blues
Beautiful Love,/wiki/Beautiful_Love_(1931_song)
Bebop,/w/index.php?title=Bebop_(composition)&action=edit&redlink=1
Bebop in Pastel,/wiki/Bebop_in_Pastel
Bedouin,/w/index.php?title=Bedouin_(composition)&action=edit&redlink=1
Begin the Beguine,/wiki/Begin_the_Beguine
Bei Mir Bist Du Schoen,/wiki/Bei_Mir_Bist_Du_Schoen
Bemsha Swing,/wiki/Bemsha_Swing
Bernie's Tune,/wiki/Bernie%27s_Tune
Besame Mucho,/wiki/Besame_Mucho
"Bess, You Is My Woman Now","/wiki/Bess,_You_Is_My_Woman_Now"
The Best Is Yet to Come,/wiki/The_Best_Is_Yet_to_Come_(song)
The Best Thing for You (Would Be Me),/wiki/The_Best_Thing_for_You_(Would_Be_Me)
The Best Things in Life Are Free,/wiki/The_Best_Things_in_Life_Are_Free_(1927_song)
Between the Devil and the Deep Blue Sea,/wiki/Between_the_Devil_and_the_Deep_Blue_Sea_(song)
Beautiful Black Eyes,/wiki/Beautiful_Black_Eyes
"Bewitched, Bothered, and Bewildered","/wiki/Bewitched,_Bothered,_and_Bewildered"
Big Butter and Egg Man,/wiki/Big_Butter_and_Egg_Man
Big Foot,/wiki/Big_Foot_(Charlie_Parker_composition)
"Bill Bailey, Won't You Please Come Home","/wiki/Bill_Bailey,_Won%27t_You_Please_Come_Home"
Billie's Bounce,/wiki/Billie%27s_Bounce
Bird Gets the Worm,/wiki/Bird_Gets_the_Worm
Bird of Paradise,/w/index.php?title=Bird_of_Paradise_(composition)&action=edit&redlink=1
Birdland,/wiki/Birdland_(composition)
Birk's Works,/wiki/Birk%27s_Works
The Birth of the Blues,/wiki/The_Birth_of_the_Blues
Black and Blue,/wiki/Black_and_Blue_(Fats_Waller_song)
Black and Tan Fantasy,/wiki/Black_and_Tan_Fantasy
Black Coffee,/wiki/Black_Coffee_(1948_song)
Blame It on My Youth,/wiki/Blame_It_on_My_Youth
Blood Count,/wiki/Blood_Count
Bloomdido,/wiki/Bloomdido
Blue and Sentimental,/wiki/Blue_and_Sentimental
Blue Bossa,/wiki/Blue_Bossa
Blue Devil Blues,/wiki/Blue_Devil_Blues
Blue in Green,/wiki/Blue_in_Green
Blue Lou,/wiki/Blue_Lou
Blue Monk,/wiki/Blue_Monk
Blue Moon,/wiki/Blue_Moon_(song)
Blue 'N' Boogie,/wiki/Blue_%27N%27_Boogie
Blue Rondo à la Turk,/wiki/Blue_Rondo_%C3%A0_la_Turk
Blue Room,/wiki/Blue_Room_(1926_song)
Blue Skies,/wiki/Blue_Skies_(1926_song)
Blue Train,/wiki/Blue_Train_(composition)
Blue Turning Grey Over You,/wiki/Blue_Turning_Grey_Over_You
Blueberry Hill,/wiki/Blueberry_Hill_(song)
Blues for Alice,/wiki/Blues_for_Alice
Blues in My Heart,/wiki/Blues_in_My_Heart
Blues in the Closet,/wiki/Blues_in_the_Closet
Blues in the Night,/wiki/Blues_in_the_Night
Bluesette,/wiki/Bluesette
Body and Soul,/wiki/Body_and_Soul_(song)
Bohemia After Dark,/wiki/Bohemia_After_Dark
Boplicity,/wiki/Boplicity
Born to Be Blue,/wiki/Born_to_Be_Blue_(Mel_Torm%C3%A9_song)
Bouncing with Bud,/wiki/Bouncing_with_Bud
Brazil,/wiki/Brazil_(1939_song)
The Breeze and I,/wiki/The_Breeze_and_I
Broadway,/wiki/Broadway_(1940_song)
Bugle Call Rag,/wiki/Bugle_Call_Rag
But Beautiful,/wiki/But_Beautiful_(song)
But Not for Me,/wiki/But_Not_for_Me_(song)
Buzzy,/w/index.php?title=Buzzy_(Charlie_Parker_song)&action=edit&redlink=1
By Myself,/wiki/By_Myself_(1937_song)
Bye Bye Blackbird,/wiki/Bye_Bye_Blackbird
Bye Bye Blues,/wiki/Bye_Bye_Blues_(song)
C Jam Blues,/wiki/C_Jam_Blues
Cabin in the Sky,/w/index.php?title=Cabin_in_the_Sky&action=edit&redlink=1
Cakewalk,/wiki/Cakewalk_(Oscar_Peterson_composition)
Canadian Sunset,/wiki/Canadian_Sunset
Candy,/wiki/Candy_(1944_song)
Can't Help Lovin' Dat Gal,/wiki/Can%27t_Help_Lovin%27_Dat_Gal
Can't Help Lovin' Dat Man,/wiki/Can%27t_Help_Lovin%27_Dat_Man
Can't We Be Friends,/wiki/Can%27t_We_Be_Friends
Cantaloupe Island,/wiki/Cantaloupe_Island
Caravan,/wiki/Caravan_(1937_song)
Careless Love,/wiki/Careless_Love
Carioca,/wiki/Carioca_(song)
Carolina in the Morning,/wiki/Carolina_in_the_Morning
Cast Your Fate to the Wind,/wiki/Cast_Your_Fate_to_the_Wind
C.C. Rider,/wiki/See_See_Rider
Centerpiece,/wiki/Centerpiece_(song)
Chameleon,/wiki/Chameleon_(composition)
Change of Season,/wiki/Change_of_Season
Change Partners,/wiki/Change_Partners
Charleston,/wiki/Charleston_(song)
Chasin' the Bird,/w/index.php?title=Chasin%27_the_Bird_(song)&action=edit&redlink=1
Chattanooga Choo Choo,/wiki/Chattanooga_Choo_Choo
Cheek to Cheek,/wiki/Cheek_to_Cheek
Chelsea Bridge,/wiki/Chelsea_Bridge_(song)
Cherokee,/wiki/Cherokee_(Ray_Noble_song)
Cherry,/wiki/Cherry_(jazz_standard)
Cheryl,/wiki/Cheryl_(composition)
Chicago (That Toddlin' Town),/wiki/Chicago_(That_Toddlin%27_Town)
A Child Is Born,/wiki/A_Child_Is_Born_(jazz_standard)
China Boy,/wiki/China_Boy
Chinatown My Chinatown,/wiki/Chinatown_My_Chinatown
Chlo-e,/wiki/Chlo-e_(Song_of_the_Swamp)
The Christmas Song,/wiki/The_Christmas_Song
Christopher Columbus,/wiki/Christopher_Columbus_(jazz_song)
Chuva Delicada,/wiki/The_Gentle_Rain
Clarinet Marmalade,/wiki/Clarinet_Marmalade
Close Enough for Love,/wiki/Close_Enough_for_Love_(Johnny_Mandel_song)
Close Your Eyes,/wiki/Close_Your_Eyes_(1933_song)
Cocktails for Two,/wiki/Cocktails_for_Two
Come Dance with Me,/wiki/Come_Dance_with_Me_(song)
Come Fly With Me,/wiki/Come_Fly_with_Me_(1957_song)
Come Rain or Come Shine,/wiki/Come_Rain_or_Come_Shine
Come Sunday,/wiki/Come_Sunday
Comes Love,/wiki/Comes_Love
Con Alma,/wiki/Con_Alma
Conception,/wiki/Conception_(George_Shearing_song)
Confessin',/wiki/Confessin%27
Confirmation,/wiki/Confirmation_(composition)
The Continental,/wiki/The_Continental_(song)
Copenhagen,/wiki/Copenhagen_(song)
Coquette,/wiki/Coquette_(song)
Corcovado (Quiet Nights of Quiet Stars),/wiki/Corcovado_(Quiet_Nights_of_Quiet_Stars)
Corner Pocket,/wiki/Corner_Pocket_(song)
A Cottage for Sale,/wiki/A_Cottage_for_Sale
Cotton Tail,/wiki/Cotton_Tail
Crazy He Calls Me,/wiki/Crazy_He_Calls_Me
Crazy Rhythm,/wiki/Crazy_Rhythm
Creole Love Call,/wiki/Creole_Love_Call
Cry Me a River,/wiki/Cry_Me_a_River
Daahoud,/wiki/Daahoud
Dancing in the Dark,/wiki/Dancing_in_the_Dark_(Howard_Dietz_and_Arthur_Schwartz_song)
Dancing on the Ceiling,/wiki/Dancing_on_the_Ceiling_(1930_song)
Danny Boy,/wiki/Danny_Boy
Dark Eyes,/wiki/Dark_Eyes_(song)
Darktown Strutters' Ball,/wiki/Darktown_Strutters%27_Ball
Darn That Dream,/wiki/Darn_That_Dream
Davenport Blues,/wiki/Davenport_Blues
Day by Day,/wiki/Day_by_Day_(song)
Day Dream,/wiki/Day_Dream
"Day In, Day Out","/wiki/Day_In,_Day_Out_(1939_song)"
Days of Wine and Roses,/wiki/Days_of_Wine_and_Roses_(song)
Dear Old Southland,/wiki/Dear_Old_Southland
Dear Old Stockholm,/wiki/Dear_Old_Stockholm
Dearly Beloved,/w/index.php?title=Dearly_Beloved_(1942_song)&action=edit&redlink=1
Dedicated to You,/w/index.php?title=Dedicated_to_You_(song)&action=edit&redlink=1
'Deed I Do,/wiki/%27Deed_I_Do
Deep in a Dream,/wiki/Deep_in_a_Dream
Deep Night,/wiki/Deep_Night
Deep Purple,/wiki/Deep_Purple_(song)
Deep River,/wiki/Deep_River_(song)
Desafinado,/wiki/Desafinado
Detour Ahead,/wiki/Detour_Ahead
Dexterity,/w/index.php?title=Dexterity_(song)&action=edit&redlink=1
Diamonds Are a Girl's Best Friend,/wiki/Diamonds_Are_a_Girl%27s_Best_Friend
Dinah,/wiki/Dinah_(song)
Dindi,/wiki/Dindi
Dipper Mouth Blues,/w/index.php?title=Dipper_Mouth_Blues&action=edit&redlink=1
Dizzy Atmosphere,/wiki/Dizzy_Atmosphere
Dizzy's Business,/w/index.php?title=Dizzy%27s_Business&action=edit&redlink=1
Django,/w/index.php?title=Django_(John_Lewis_song)&action=edit&redlink=1
Do It Again,/wiki/Do_It_Again_(George_Gershwin_and_Buddy_DeSylva_song)
Do Nothin' Till You Hear from Me,/wiki/Do_Nothin%27_Till_You_Hear_from_Me
Do You Know What It Means to Miss New Orleans,/wiki/Do_You_Know_What_It_Means_to_Miss_New_Orleans
Doggin' Around,/wiki/Doggin%27_Around
Dolphin Dance,/wiki/Dolphin_Dance
Donna Lee,/wiki/Donna_Lee
Don't Be That Way,/w/index.php?title=Don%27t_Be_That_Way&action=edit&redlink=1
Don't Blame Me,/wiki/Don%27t_Blame_Me_(song)
Don't Explain,/wiki/Don%27t_Explain_(song)
Don't Get Around Much Anymore,/wiki/Don%27t_Get_Around_Much_Anymore
Don't Go to Strangers,/w/index.php?title=Don%27t_Go_to_Strangers_(1954_song)&action=edit&redlink=1
Don't Take Your Love from Me,/wiki/Don%27t_Take_Your_Love_from_Me
Don't Worry 'Bout Me,/wiki/Don%27t_Worry_%27Bout_Me
Don't You Know I Care?,/w/index.php?title=Don%27t_You_Know_I_Care%3F&action=edit&redlink=1
Doodlin',/wiki/Doodlin%27_(Horace_Silver_song)
Down by the Riverside,/wiki/Down_by_the_Riverside
Down South Camp,/w/index.php?title=Down_South_Camp&action=edit&redlink=1
Doxy,/wiki/Doxy_(song)
Dream,/wiki/Dream_(song)
Dream a Little Dream of Me,/wiki/Dream_a_Little_Dream_of_Me
Dream Dancing,/wiki/Dream_Dancing
Dream of You,/w/index.php?title=Dream_of_You_(1934_song)&action=edit&redlink=1
Drifting on a Reed,/wiki/Drifting_on_a_Reed
Drop Me Off in Harlem,/wiki/Drop_Me_Off_in_Harlem
Drum Boogie,/wiki/Drum_Boogie
The Duke,/w/index.php?title=The_Duke_(Dave_Brubeck_song)&action=edit&redlink=1
Duke's Place,/wiki/Duke%27s_Place
Early Autumn,/wiki/Early_Autumn_(song)
Early Morning Mood,/w/index.php?title=Early_Morning_Mood&action=edit&redlink=1
East of the Sun (and West of the Moon),/wiki/East_of_the_Sun_(and_West_of_the_Moon)
Easter Parade,/wiki/Easter_Parade_(song)
Easy Does It,/w/index.php?title=Easy_Does_It_(Sy_Oliver_and_Trummy_Young_song)&action=edit&redlink=1
Easy Living,/wiki/Easy_Living_(song)
Easy to Love,/wiki/You%27d_Be_So_Easy_to_Love
Echoes of Harlem,/w/index.php?title=Echoes_of_Harlem&action=edit&redlink=1
Embraceable You,/wiki/Embraceable_You
Emily,/wiki/Emily_(1964_song)
The End of a Love Affair,/w/index.php?title=The_End_of_a_Love_Affair&action=edit&redlink=1
Epistrophy,/wiki/Epistrophy
Equinox,/wiki/Equinox_(standard)
Estate,/wiki/Estate_(song)
Every Day I Have the Blues,/wiki/Every_Day_I_Have_the_Blues
Every Tub,/w/index.php?title=Every_Tub&action=edit&redlink=1
Everybody Loves My Baby,/wiki/Everybody_Loves_My_Baby
Everything but You,/wiki/Everything_but_You
Everything Happens to Me,/wiki/Everything_Happens_to_Me_(song)
Everything I Have Is Yours,/wiki/Everything_I_Have_Is_Yours_(song)
Everything Must Change,/wiki/Everything_Must_Change
Evidence,/w/index.php?title=Evidence_(Thelonious_Monk_song)&action=edit&redlink=1
Ev'ry Time We Say Goodbye,/wiki/Ev%27ry_Time_We_Say_Goodbye
Ev'rything I Love,/w/index.php?title=Ev%27rything_I_Love&action=edit&redlink=1
Ev'rything I've Got (Belongs to You),/w/index.php?title=Ev%27rything_I%27ve_Got_(Belongs_to_You)&action=edit&redlink=1
Exactly Like You,/wiki/Exactly_Like_You_(song)
Exodus,/wiki/Exodus_(soundtrack)
Falling in Love with Love,/wiki/Falling_in_Love_with_Love
Farewell Blues,/wiki/Farewell_Blues
Fascinating Rhythm,/wiki/Fascinating_Rhythm
Fat Girl,/wiki/Fat_Girl_(composition)
Fats Blows,/w/index.php?title=Fats_Blows&action=edit&redlink=1
Feeling Good,/wiki/Feeling_Good
A Felicidade,/w/index.php?title=A_Felicidade&action=edit&redlink=1
Fever,/wiki/Fever_(Little_Willie_John_song)
Fidgety Feet,/w/index.php?title=Fidgety_Feet&action=edit&redlink=1
Filthy McNasty,/w/index.php?title=Filthy_McNasty&action=edit&redlink=1
Fine and Dandy,/wiki/Fine_and_Dandy_(song)
Fine and Mellow,/wiki/Fine_and_Mellow
A Fine Romance,/wiki/A_Fine_Romance_(song)
Finger Buster,/w/index.php?title=Finger_Buster&action=edit&redlink=1
"Five Foot Two, Eyes of Blue","/wiki/Five_Foot_Two,_Eyes_of_Blue"
Five O'clock Whistle,/w/index.php?title=Five_O%27clock_Whistle&action=edit&redlink=1
Flamingo,/wiki/Flamingo_(song)
The Flat Foot Floogie,/wiki/Flat_Foot_Floogie_(with_a_Floy_Floy)
A Flower Is a Lovesome Thing,/wiki/A_Flower_Is_a_Lovesome_Thing
Flying Home,/wiki/Flying_Home
A Foggy Day (In London Town),/wiki/A_Foggy_Day_(In_London_Town)
The Folks Who Live On the Hill,/wiki/The_Folks_Who_Live_On_the_Hill
Fools Rush In (Where Angels Fear to Tread),/wiki/Fools_Rush_In_(Where_Angels_Fear_to_Tread)
Footprints,/wiki/Footprints_(composition)
For All We Know,/wiki/For_All_We_Know_(1934_song)
For Heaven's Sake,/w/index.php?title=For_Heaven%27s_Sake_(1958_song)&action=edit&redlink=1
For Once in My Life,/wiki/For_Once_in_My_Life
For Sentimental Reasons,/wiki/(I_Love_You)_For_Sentimental_Reasons
For You,/wiki/For_You_(Ricky_Nelson_song)
Four,/wiki/Four_(composition)
Four Brothers,/wiki/Four_Brothers_(jazz_standard)
Four or Five Times,/w/index.php?title=Four_or_Five_Times&action=edit&redlink=1
Frankie and Johnny,/wiki/Frankie_and_Johnny_(song)
Freddie Freeloader,/wiki/Freddie_Freeloader
Freedom Jazz Dance,/w/index.php?title=Freedom_Jazz_Dance&action=edit&redlink=1
Frenesí,/wiki/Frenes%C3%AD
The Frim-Fram Sauce,/wiki/The_Frim-Fram_Sauce
From This Moment On,/wiki/From_This_Moment_On_(Cole_Porter_song)
Funny Man,/w/index.php?title=Funny_Man_(Bill_Evans_song)&action=edit&redlink=1
A Gal in Calico,/wiki/A_Gal_in_Calico
"Gee, Baby, Ain't I Good to You","/wiki/Gee,_Baby,_Ain%27t_I_Good_to_You"
The Gentle Rain,/wiki/The_Gentle_Rain
Georgia on My Mind,/wiki/Georgia_on_My_Mind
Get Happy,/wiki/Get_Happy_(song)
Get Me to the Church on Time,/wiki/Get_Me_to_the_Church_on_Time
Get Out of Town,/wiki/Get_Out_of_Town
(Get Your Kicks on) Route 66,/wiki/(Get_Your_Kicks_on)_Route_66
Ghost of a Chance,/wiki/I_Don%27t_Stand_a_Ghost_of_a_Chance_with_You
Giant Steps,/wiki/Giant_Steps_(composition)
The Girl from Ipanema,/wiki/The_Girl_from_Ipanema
Girl Talk,/wiki/Girl_Talk_(Neal_Hefti_song)
Glad to Be Unhappy,/wiki/Glad_to_Be_Unhappy
Gloomy Sunday,/wiki/Gloomy_Sunday
The Glory of Love,/wiki/The_Glory_of_Love_(song)
God Bless the Child,/wiki/God_Bless_the_Child_(Billie_Holiday_song)
Goin' Out of My Head,/wiki/Goin%27_Out_of_My_Head
Going to Chicago,/w/index.php?title=Going_to_Chicago&action=edit&redlink=1
Gone with the Wind,/wiki/Gone_with_the_Wind_(song)
Good Bait,/wiki/Good_Bait
The Good Life,/wiki/The_Good_Life_(1962_song)
Good Morning Heartache,/wiki/Good_Morning_Heartache
Goodbye,/wiki/Goodbye_(Gordon_Jenkins_song)
Goodbye Pork Pie Hat,/wiki/Goodbye_Pork_Pie_Hat
Goodnight My Love,/wiki/Goodnight_My_Love_(1936_song)
Grand Slam (Boy Meets Goy),/w/index.php?title=Grand_Slam_(Boy_Meets_Goy)&action=edit&redlink=1
Grand Terrace Shuffle,/w/index.php?title=Grand_Terrace_Shuffle&action=edit&redlink=1
Grandpa's Spells,/w/index.php?title=Grandpa%27s_Spells&action=edit&redlink=1
Green Eyes (Aquellos Ojos Verdes),/wiki/Green_Eyes_(Aquellos_Ojos_Verdes)
Greensleeves,/wiki/Greensleeves
Groovin' High,/wiki/Groovin%27_High
Guilty,/wiki/Guilty_(1931_song)
Gut Stomp,/wiki/Gut_Stomp
Half Nelson,/wiki/Half_Nelson_(song)
Hallelujah,/w/index.php?title=Hallelujah_(jazz_standard)&action=edit&redlink=1
Happiness Is a Thing Called Joe,/wiki/Happiness_Is_a_Thing_Called_Joe
Hard Hearted Hannah,/wiki/Hard_Hearted_Hannah_(The_Vamp_of_Savannah)
Harlem Congo,/w/index.php?title=Harlem_Congo&action=edit&redlink=1
Harlem Nocturne,/wiki/Harlem_Nocturne
Harvard Blues,/w/index.php?title=Harvard_Blues&action=edit&redlink=1
Has Anybody Seen My Gal?,/wiki/Has_Anybody_Seen_My_Gal%3F_(song)
Haunted Heart,/w/index.php?title=Haunted_Heart_(Howard_Dietz_song)&action=edit&redlink=1
Have I Told You Lately That I Love You?,/wiki/Have_I_Told_You_Lately_That_I_Love_You%3F
Have You Met Miss Jones?,/wiki/Have_You_Met_Miss_Jones%3F
Have Yourself a Merry Little Christmas,/wiki/Have_Yourself_a_Merry_Little_Christmas
Heart and Soul,/wiki/Heart_and_Soul_(1938_song)
Heat Wave,/wiki/Heat_Wave_(Irving_Berlin_song)
"Hello, Dolly!","/wiki/Hello,_Dolly!_(song)"
Hello Young Lovers,"/wiki/Hello,_Young_Lovers_(song)"
Here's That Rainy Day,/wiki/Here%27s_That_Rainy_Day
He's Funny That Way,/w/index.php?title=He%27s_Funny_That_Way&action=edit&redlink=1
Hey Little Girl,/wiki/Wives_and_Lovers
Hi-Fly,/wiki/Hi-Fly_(Randy_Weston_song)
High Society,/wiki/High_Society_(composition)
Hindustan,/w/index.php?title=Hindustan_(song)&action=edit&redlink=1
Honeysuckle Rose,/wiki/Honeysuckle_Rose_(song)
The Hour of Parting,/w/index.php?title=The_Hour_of_Parting&action=edit&redlink=1
Hot House,/wiki/Hot_House_(composition)
A House Is Not a Home,/wiki/A_House_Is_Not_a_Home_(song)
How About You?,/wiki/How_About_You%3F
How Am I to Know?,/w/index.php?title=How_Am_I_to_Know%3F&action=edit&redlink=1
How Come You Do Me Like You Do?,/wiki/How_Come_You_Do_Me_Like_You_Do%3F
How Deep Is the Ocean?,/wiki/How_Deep_Is_the_Ocean%3F
How Do You Keep the Music Playing?,/wiki/How_Do_You_Keep_the_Music_Playing%3F
How High the Moon,/wiki/How_High_the_Moon
How Insensitive,/wiki/How_Insensitive
How Long Blues,"/wiki/How_Long,_How_Long_Blues"
How Long Has This Been Going On?,/wiki/How_Long_Has_This_Been_Going_On%3F
Humoresque,/wiki/Humoresque
I Ain't Got Nobody,/wiki/I_Ain%27t_Got_Nobody
I Ain't Got Nothin' But the Blues,/wiki/I_Ain%27t_Got_Nothin%27_But_the_Blues
I Believe in You,/wiki/I_Believe_in_You_(Frank_Loesser_song)
I Can't Believe That You're In Love With Me,/wiki/I_Can%27t_Believe_That_You%27re_In_Love_With_Me
I Can't Escape from You,/wiki/I_Can%27t_Escape_from_You
I Can't Get Started,/wiki/I_Can%27t_Get_Started
I Can't Give You Anything but Love,/wiki/I_Can%27t_Give_You_Anything_but_Love
I Can't Stop Loving You,/wiki/I_Can%27t_Stop_Loving_You
I Concentrate on You,/wiki/I_Concentrate_on_You
I Could Have Danced All Night,/wiki/I_Could_Have_Danced_All_Night
I Could Write a Book,/wiki/I_Could_Write_a_Book
I Cover the Waterfront,/wiki/I_Cover_the_Waterfront_(song)
I Cried for You,/wiki/I_Cried_for_You
I Didn't Know About You,/wiki/I_Didn%27t_Know_About_You
I Didn't Know What Time It Was,/wiki/I_Didn%27t_Know_What_Time_It_Was
I Don't Know Why (I Love You Like I Do),/wiki/I_Don%27t_Know_Why_(I_Love_You_Like_I_Do)
I Don't Stand a Ghost of a Chance with You,/wiki/I_Don%27t_Stand_a_Ghost_of_a_Chance_with_You
I Don't Want You to Go,/wiki/I_Don%27t_Want_You_to_Go_(Lani_Hall_song)
I Dreamed a Dream,/wiki/I_Dreamed_a_Dream
I Fall in Love Too Easily,/wiki/I_Fall_in_Love_Too_Easily
I Found a New Baby,/wiki/I_Found_a_New_Baby
I Get a Kick Out of You,/wiki/I_Get_a_Kick_Out_of_You
I Get Along Without You Very Well,/wiki/I_Get_Along_Without_You_Very_Well
I Got a Crush on You,/wiki/I_Got_a_Crush_on_You
I Got a Right to Sing the Blues,/wiki/I_Got_a_Right_to_Sing_the_Blues
I Got a Woman Crazy for Me,/w/index.php?title=I_Got_a_Woman_Crazy_for_Me&action=edit&redlink=1
I Got It Bad (and That Ain't Good),/wiki/I_Got_It_Bad_(and_That_Ain%27t_Good)
I Got Rhythm,/wiki/I_Got_Rhythm
I Gotta Right to Sing the Blues,/wiki/I_Gotta_Right_to_Sing_the_Blues
I Guess I'll Have to Change My Plan,/wiki/I_Guess_I%27ll_Have_to_Change_My_Plan
I Hadn't Anyone Till You,/wiki/I_Hadn%27t_Anyone_Till_You
I Happen to Like New York,/wiki/I_Happen_to_Like_New_York
I Have Dreamed,/wiki/I_Have_Dreamed_(song)
I Hear a Rhapsody,/wiki/I_Hear_a_Rhapsody
I Hear Music,/wiki/I_Hear_Music
I Know That You Know,/w/index.php?title=I_Know_That_You_Know&action=edit&redlink=1
I Left My Heart in San Francisco,/wiki/I_Left_My_Heart_in_San_Francisco
I Let a Song Go Out of My Heart,/wiki/I_Let_a_Song_Go_Out_of_My_Heart
I Love Paris,/wiki/I_Love_Paris
I Love You,/wiki/I_Love_You_(Cole_Porter_song)
(I Love You) For Sentimental Reasons,/wiki/(I_Love_You)_For_Sentimental_Reasons
"I Loves You, Porgy","/wiki/I_Loves_You,_Porgy"
I Married an Angel,/wiki/I_Married_an_Angel
I May Be Wrong,/w/index.php?title=I_May_Be_Wrong&action=edit&redlink=1
I Mean You,/wiki/I_Mean_You
I Must Have That Man,/w/index.php?title=I_Must_Have_That_Man&action=edit&redlink=1
I Never Knew,/w/index.php?title=I_Never_Knew&action=edit&redlink=1
I Only Have Eyes for You,/wiki/I_Only_Have_Eyes_for_You
I Remember Clifford,/wiki/I_Remember_Clifford_(song)
I Remember You,/wiki/I_Remember_You_(1941_song)
I See Your Face Before Me,/wiki/I_See_Your_Face_Before_Me
I Sent for You Yesterday,/w/index.php?title=Sent_for_You_Yesterday_(song)&action=edit&redlink=1
I Should Care,/wiki/I_Should_Care
I Surrender Dear,/wiki/I_Surrender_Dear
I Thought About You,/wiki/I_Thought_About_You
I Wish I Could Shimmy Like My Sister Kate,/wiki/I_Wish_I_Could_Shimmy_Like_My_Sister_Kate
I Wish I Knew,/wiki/I_Wish_I_Knew
I Wish You Love,/wiki/I_Wish_You_Love_(song)
(I'd Like to Get You on a) Slow Boat to China,/wiki/(I%27d_Like_to_Get_You_on_a)_Slow_Boat_to_China
If,/wiki/If_(Bread_song)
If I Could Be with You (One Hour Tonight),/wiki/If_I_Could_Be_with_You_(One_Hour_Tonight)
If I Had You,/wiki/If_I_Had_You_(1928_song)
If I Were A Bell,/wiki/If_I_Were_A_Bell
If Love Were All,/wiki/If_Love_Were_All
If My Friends Could See Me Now,/wiki/If_My_Friends_Could_See_Me_Now
If the Moon Turns Green,/w/index.php?title=If_the_Moon_Turns_Green&action=edit&redlink=1
If You Could See Me Now,/wiki/If_You_Could_See_Me_Now_(song)
I'll Be Seeing You,/wiki/I%27ll_Be_Seeing_You_(song)
I'll Never Smile Again,/wiki/I%27ll_Never_Smile_Again
I'll Remember April,/wiki/I%27ll_Remember_April_(song)
(I'm) Confessin' (that I Love You),/wiki/(I%27m)_Confessin%27_(that_I_Love_You)
I'm Coming Virginia,/w/index.php?title=I%27m_Coming_Virginia&action=edit&redlink=1
I'm Getting Sentimental Over You,/wiki/I%27m_Getting_Sentimental_Over_You
I'm in the Mood for Love,/wiki/I%27m_in_the_Mood_for_Love
I'm Just a Lucky So-and-So,/wiki/I%27m_Just_a_Lucky_So-and-So
I'm Sitting on Top of the World,/wiki/I%27m_Sitting_on_Top_of_the_World
Impressions,/wiki/Impressions_(composition)
In a Mellow Tone,/wiki/In_a_Mellow_Tone
In a Mist,/wiki/In_a_Mist
In a Sentimental Mood,/wiki/In_a_Sentimental_Mood
(In My) Solitude,/wiki/(In_My)_Solitude
In the Groove,/wiki/In_the_Groove_(composition)
In the Mood,/wiki/In_the_Mood
In Walked Bud,/wiki/In_Walked_Bud
In Your Own Sweet Way,/wiki/In_Your_Own_Sweet_Way
Insensatez,/wiki/Insensatez
Invitation,/wiki/Invitation_(song)
Isfahan,/wiki/Isfahan_(song)
Isn't It Romantic?,/wiki/Isn%27t_It_Romantic%3F
Israel,/w/index.php?title=Israel_(jazz)&action=edit&redlink=1
It All Depends on You,/wiki/It_All_Depends_on_You
It Don't Mean a Thing,/wiki/It_Don%27t_Mean_a_Thing_(If_It_Ain%27t_Got_That_Swing)
It Had to Be You,/wiki/It_Had_to_Be_You_(song)
It Happened in Monterey,/w/index.php?title=It_Happened_in_Monterey&action=edit&redlink=1
It Never Entered My Mind,/wiki/It_Never_Entered_My_Mind
It's Easy to Remember (And So Hard to Forget),/wiki/It%27s_Easy_to_Remember_(And_So_Hard_to_Forget)
It's Like Reaching for the Moon,/w/index.php?title=It%27s_Like_Reaching_for_the_Moon&action=edit&redlink=1
It's Only a Paper Moon,/wiki/It%27s_Only_a_Paper_Moon_(song)
I've Found a New Baby,/wiki/I%27ve_Found_a_New_Baby
I've Got a Crush on You,/wiki/I%27ve_Got_a_Crush_on_You
I've Got a Gal in Kalamazoo,/wiki/I%27ve_Got_a_Gal_in_Kalamazoo
I Gotta Right to Sing the Blues,/wiki/I_Gotta_Right_to_Sing_the_Blues
I've Got the World on a String,/wiki/I%27ve_Got_the_World_on_a_String
I've Got You Under My Skin,/wiki/I%27ve_Got_You_Under_My_Skin
I've Grown Accustomed to Her Face,/wiki/I%27ve_Grown_Accustomed_to_Her_Face
Ja-Da,/wiki/Ja-Da
J'attendrai,/wiki/J%27attendrai
Jazz Me Blues,/w/index.php?title=Jazz_Me_Blues&action=edit&redlink=1
Jeep Is Jumpin',/w/index.php?title=Jeep_Is_Jumpin%27&action=edit&redlink=1
Jeepers Creepers,/wiki/Jeepers_Creepers_(song)
Jersey Bounce,/wiki/Jersey_Bounce
Jim,/wiki/Jim_(song)
Jingle Bells,/wiki/Jingle_Bells
Jitterbug Waltz,/wiki/Jitterbug_Waltz
Jive At Five,/w/index.php?title=Jive_At_Five&action=edit&redlink=1
Johnny Come Lately,/wiki/Johnny_Come_Lately
Jordu,/wiki/Jordu
Joy Spring,/w/index.php?title=Joy_Spring_(song)&action=edit&redlink=1
Jump for Joy,/w/index.php?title=Jump_for_Joy_(song)&action=edit&redlink=1
"Jump, Jive an' Wail","/wiki/Jump,_Jive_an%27_Wail"
Jumpin' at the Woodside,/wiki/Jumpin%27_at_the_Woodside
Jumpin' With Symphony Sid,/wiki/Jumpin%27_With_Symphony_Sid
Just a Closer Walk with Thee,/wiki/Just_a_Closer_Walk_with_Thee
Just a Gigolo,/wiki/Just_a_Gigolo_(song)
Just A-Sittin' and A-Rockin',/wiki/Just_A-Sittin%27_and_A-Rockin%27
Just Friends,/wiki/Just_Friends_(1931_song)
Just in Time,/wiki/Just_in_Time_(song)
Just One of Those Things,/wiki/Just_One_of_Those_Things_(song)
Just Squeeze Me (But Please Don't Tease Me),/wiki/Just_Squeeze_Me_(But_Please_Don%27t_Tease_Me)
"Just You, Just Me","/wiki/Just_You,_Just_Me"
Kansas City,/wiki/Kansas_City_(Jerry_Leiber_and_Mike_Stoller_song)
Kansas City Stomps,/w/index.php?title=Kansas_City_Stomps&action=edit&redlink=1
Keep Off the Grass,/wiki/Keep_Off_the_Grass
Keepin' Out of Mischief Now,/w/index.php?title=Keepin%27_Out_of_Mischief_Now&action=edit&redlink=1
Killer Joe,/w/index.php?title=Killer_Joe_(song)&action=edit&redlink=1
King Porter Stomp,/wiki/King_Porter_Stomp
Kiss Me Much,/w/index.php?title=Kiss_Me_Much&action=edit&redlink=1
A Kiss to Build a Dream On,/wiki/A_Kiss_to_Build_a_Dream_On
Ko-Ko,/wiki/Ko-Ko
Kogun,/wiki/Kogun
Lady Be Good,"/wiki/Oh,_Lady_Be_Good!"
Lady Bird,/wiki/Lady_Bird_(composition)
The Lady Is a Tramp,/wiki/The_Lady_Is_a_Tramp
Lafayette,/w/index.php?title=Lafayette_(song)&action=edit&redlink=1
Lament,/w/index.php?title=Lament_(J._J._Johnson_song)&action=edit&redlink=1
The Lamp Is Low,/wiki/The_Lamp_Is_Low
Last Call For Coffee,/w/index.php?title=Last_Call_For_Coffee&action=edit&redlink=1
Last Night When We Were Young,/wiki/Last_Night_When_We_Were_Young
Late Bird,/w/index.php?title=Late_Bird&action=edit&redlink=1
Laura,/wiki/Laura_(1945_song)
Lazy Bird,/wiki/Lazy_Bird
Lazy Afternoon,/w/index.php?title=Lazy_Afternoon_(song)&action=edit&redlink=1
Lazy River,/wiki/(Up_A)_Lazy_River
Lester Leaps In,/wiki/Lester_Leaps_In
Let It Be,/wiki/Let_It_Be
Let It Snow,/wiki/Let_It_Snow
Let Me Off Uptown,/w/index.php?title=Let_Me_Off_Uptown&action=edit&redlink=1
Let There Be Love,/wiki/Let_There_Be_Love_(1940_song)
Let's Call the Whole Thing Off,/wiki/Let%27s_Call_the_Whole_Thing_Off
Let's Dance,/w/index.php?title=Let%27s_Dance_(Benny_Goodman_song)&action=edit&redlink=1
Let's Face the Music and Dance,/wiki/Let%27s_Face_the_Music_and_Dance
Let's Fall in Love,/wiki/Let%27s_Fall_in_Love
Like Someone in Love,/wiki/Like_Someone_in_Love
Li'l Darlin',/wiki/Li%27l_Darlin%27
Li'l Liza Jane,/wiki/Li%27l_Liza_Jane
Limehouse Blues,/wiki/Limehouse_Blues_(song)
Linger Awhile,/w/index.php?title=Linger_Awhile&action=edit&redlink=1
Linus and Lucy,/wiki/Linus_and_Lucy
Little Girl Blue,/wiki/Little_Girl_Blue_(song)
Little Joe From Chicago,/w/index.php?title=Little_Joe_From_Chicago&action=edit&redlink=1
Little White Lies,/wiki/Little_White_Lies_(1930_song)
Liza (All the Clouds'll Roll Away),/wiki/Liza_(All_the_Clouds%27ll_Roll_Away)
Lonely Melody,/w/index.php?title=Lonely_Melody&action=edit&redlink=1
Lonely Woman,/wiki/Lonely_Woman_(composition)
Lonesome Road,/wiki/Lonesome_Road
Long Ago (and Far Away),/wiki/Long_Ago_(and_Far_Away)
Look for the Silver Lining,/wiki/Look_for_the_Silver_Lining
The Look of Love,/wiki/The_Look_of_Love_(1967_song)
Loose Walk,/w/index.php?title=Loose_Walk_(jazz_standard)&action=edit&redlink=1
Lost in the Stars,/wiki/Lost_in_the_Stars
Lotus Blossom,/w/index.php?title=Lotus_Blossom&action=edit&redlink=1
Louise,/wiki/Louise_(1929_song)
Love Dance,/wiki/Love_Dance
Love for Sale,/wiki/Love_for_Sale_(song)
Love Is Here to Stay,/wiki/Love_Is_Here_to_Stay
Love Is Just Around the Corner,/wiki/Love_Is_Just_Around_the_Corner
Love Letters,/wiki/Love_Letters_(song)
Love Me or Leave Me,/wiki/Love_Me_or_Leave_Me_(Donaldson_and_Kahn_song)
Love Theme from The Sandpiper,/wiki/The_Shadow_of_Your_Smile
Love Walked In,/wiki/Love_Walked_In
Love You Madly,/w/index.php?title=Love_You_Madly_(Duke_Ellington_song)&action=edit&redlink=1
Loveless Love,/wiki/Loveless_Love
Lover,/wiki/Lover_(song)
"Lover, Come Back to Me","/wiki/Lover,_Come_Back_to_Me"
"Lover Man (Oh, Where Can You Be?)","/wiki/Lover_Man_(Oh,_Where_Can_You_Be%3F)"
Lullaby of Birdland,/wiki/Lullaby_of_Birdland
Lush Life,/wiki/Lush_Life_(song)
Mack the Knife,/wiki/Mack_the_Knife
Mahjong,/w/index.php?title=Mahjong_(composition)&action=edit&redlink=1
Mahogany Hall Stomp,/w/index.php?title=Mahogany_Hall_Stomp&action=edit&redlink=1
Maiden Voyage,/wiki/Maiden_Voyage_(composition)
Main Stem,/wiki/Main_Stem
Magic Moments,/wiki/Magic_Moments
Make Believe,/wiki/Make_Believe_(Jerome_Kern_song)
Make Someone Happy,/wiki/Make_Someone_Happy_(song)
Makin' Whoopee,/wiki/Makin%27_Whoopee
Mambo Inn,/w/index.php?title=Mambo_Inn&action=edit&redlink=1
The Man I Love,/wiki/The_Man_I_Love_(song)
The Man That Got Away,/wiki/The_Man_That_Got_Away
Manhã de Carnaval,/wiki/Manh%C3%A3_de_Carnaval
Manhattan,/wiki/Manhattan_(song)
El Manisero,/wiki/El_Manisero
Manteca,/wiki/Manteca_(song)
Maple Leaf Rag,/wiki/Maple_Leaf_Rag
Margie,/wiki/Margie_(song)
Maria,/wiki/Maria_(1956_song)
Marie,/wiki/Marie_(Irving_Berlin_song)
Mas Que Nada,/wiki/Mas_Que_Nada
The Masquerade Is Over,/w/index.php?title=The_Masquerade_Is_Over&action=edit&redlink=1
Maybe,"/wiki/Oh,_Kay!"
Maybe You'll Be There,/wiki/Maybe_You%27ll_Be_There
Mean to Me,/wiki/Mean_to_Me_(1929_song)
Meaning of the Blues,/wiki/The_Meaning_of_the_Blues
Meditation,/wiki/Meditation_(Ant%C3%B4nio_Carlos_Jobim_song)
Meet The Flintstones,/wiki/Meet_The_Flintstones
Memories of You,/wiki/Memories_of_You
The Memphis Blues,/wiki/The_Memphis_Blues
"Mercy, Mercy, Mercy","/wiki/Mercy,_Mercy,_Mercy"
Michelle,/wiki/Michelle_(song)
Midnight Sun,/wiki/Midnight_Sun_(Lionel_Hampton_and_Sonny_Burke_song)
Midnight Symphony,/wiki/Midnight_Symphony
Milestones,/wiki/Milestones_(composition)
Minor Swing,/wiki/Minor_Swing_(composition)
Mississippi Mud,/wiki/Mississippi_Mud
Misterioso,/w/index.php?title=Misterioso_(song)&action=edit&redlink=1
Misty,/wiki/Misty_(song)
Moanin',/wiki/Moanin%27_(song)
Moanin' Low,/wiki/Moanin%27_Low
Moment to Moment,/wiki/Moment_to_Moment
Moment's Notice,/wiki/Moment%27s_Notice
Mon Homme,/wiki/Mon_Homme
A Monday Date,/w/index.php?title=A_Monday_Date&action=edit&redlink=1
Monk's Dream,/wiki/Monk%27s_Dream_(Thelonious_Monk_album)
Monk's Mood,/w/index.php?title=Monk%27s_Mood&action=edit&redlink=1
The Mooche,/wiki/The_Mooche
Mood Indigo,/wiki/Mood_Indigo
Moody's Mood for Love,/wiki/Moody%27s_Mood_for_Love
Moon Dreams,/wiki/Moon_Dreams
Moon River,/wiki/Moon_River
Moon Song (That Wasn't Meant for Me),/wiki/Moon_Song_(That_Wasn%27t_Meant_for_Me)
Moonglow,/wiki/Moonglow_(song)
Moonlight Becomes You,/wiki/Moonlight_Becomes_You_(song)
Moonlight in Vermont,/wiki/Moonlight_in_Vermont_(song)
Moonlight Serenade,/wiki/Moonlight_Serenade
Moose the Mooche,/wiki/Moose_the_Mooche
More,/wiki/More_(Theme_from_Mondo_Cane)
The More I See You,/wiki/The_More_I_See_You
More Than You Know,/wiki/More_Than_You_Know_(1929_song)
Die Moritat von Mackie Messer,/wiki/Die_Moritat_von_Mackie_Messer
Morning,/wiki/Morning_(Clare_Fischer_composition)
Morning Dance,/wiki/Morning_Dance_(song)
The Most Beautiful Girl in the World,/wiki/The_Most_Beautiful_Girl_in_the_World_(1935_song)
Moten Swing,/wiki/Moten_Swing
Motherless Child,/wiki/Motherless_Child
Move,/wiki/Denzil_Best
Mr. Lucky,/w/index.php?title=Mr._Lucky_(song)&action=edit&redlink=1
Mr. P.C.,/wiki/Mr._P.C._(composition)
Music from Beyond the Moon,/w/index.php?title=Music_from_Beyond_the_Moon&action=edit&redlink=1
Muskrat Ramble,/wiki/Muskrat_Ramble
My Attorney Bernie,/w/index.php?title=My_Attorney_Bernie&action=edit&redlink=1
My Baby Just Cares for Me,/wiki/My_Baby_Just_Cares_for_Me
My Blue Heaven,/wiki/My_Blue_Heaven_(song)
My Buddy,/wiki/My_Buddy_(song)
My Favorite Things,/wiki/My_Favorite_Things_(song)
My Foolish Heart,/wiki/My_Foolish_Heart_(song)
My Funny Valentine,/wiki/My_Funny_Valentine
My Heart Belongs to Daddy,/wiki/My_Heart_Belongs_to_Daddy
My Heart Stood Still,/wiki/My_Heart_Stood_Still
My Honey's Lovin' Arms,/w/index.php?title=My_Honey%27s_Lovin%27_Arms&action=edit&redlink=1
My Ideal,/w/index.php?title=My_Ideal&action=edit&redlink=1
My Little Suede Shoes,/w/index.php?title=My_Little_Suede_Shoes&action=edit&redlink=1
My Mammy,/wiki/My_Mammy
My Man,/wiki/My_Man
My Man Is Gone Now,/w/index.php?title=My_Man_Is_Gone_Now&action=edit&redlink=1
My Melancholy Baby,/wiki/My_Melancholy_Baby
My Monday Date,/w/index.php?title=My_Monday_Date&action=edit&redlink=1
My Old Flame,/w/index.php?title=My_Old_Flame&action=edit&redlink=1
My One and Only Love,/wiki/My_One_and_Only_Love
My Reverie,/wiki/My_Reverie
My Romance,/wiki/My_Romance_(song)
My Shining Hour,/wiki/My_Shining_Hour
My Ship,/wiki/My_Ship
My Silent Love,/w/index.php?title=My_Silent_Love&action=edit&redlink=1
Nagasaki,/wiki/Nagasaki_(song)
Naima,/wiki/Naima
Nancy (With the Laughing Face),/wiki/Nancy_(With_the_Laughing_Face)
Nardis,/wiki/Nardis_(composition)
Nature Boy,/wiki/Nature_Boy
The Nearness of You,/wiki/The_Nearness_of_You
Nem Um Talvez,/wiki/Nem_Um_Talvez
Nevertheless (I'm in Love with You),/wiki/Nevertheless_(I%27m_in_Love_with_You)
New Orleans,/wiki/New_Orleans_(Hoagy_Carmichael_song)
Nica's Dream,/wiki/Nica%27s_Dream
Night and Day,/wiki/Night_and_Day_(song)
The Night Has a Thousand Eyes,/wiki/The_Night_Has_a_Thousand_Eyes_(jazz_standard)
A Night in Tunisia,/wiki/A_Night_in_Tunisia
Night Train,/wiki/Night_Train_(composition)
A Nightingale Sang in Berkeley Square,/wiki/A_Nightingale_Sang_in_Berkeley_Square_(song)
No Tabuleiro da Baiana,/wiki/No_Tabuleiro_da_Baiana
Nobody Else But Me,/wiki/Nobody_Else_But_Me
Nobody's Sweetheart Now,/wiki/Nobody%27s_Sweetheart_Now
Now's the Time,/wiki/Now%27s_the_Time_(Charlie_Parker_song)
Nuages,/wiki/Nuages
"Oh, Lady Be Good!","/wiki/Oh,_Lady_Be_Good!"
"Oh, You Crazy Moon","/wiki/Oh,_You_Crazy_Moon"
Old Folks at Home,/wiki/Old_Folks_at_Home
Oleo,/wiki/Oleo_(song)
Olha pro céu,/w/index.php?title=Olha_pro_c%C3%A9u&action=edit&redlink=1
On Green Dolphin Street,/wiki/On_Green_Dolphin_Street_(song)
On the Alamo,/wiki/On_the_Alamo
On the Sunny Side of the Street,/wiki/On_the_Sunny_Side_of_the_Street
Once I Loved,/w/index.php?title=Once_I_Loved&action=edit&redlink=1
Once in a While,/wiki/Once_in_a_While_(1937_song)
One Morning in May,/wiki/One_Morning_in_May_(song)
One O'Clock Jump,/wiki/One_O%27Clock_Jump
The Only One I Love Belongs to Somebody Else,/w/index.php?title=The_Only_One_I_Love_Belongs_to_Somebody_Else&action=edit&redlink=1
Oop Bop Sh'Bam,/wiki/Oop_Bop_Sh%27Bam
Opus de Funk,/w/index.php?title=Opus_de_Funk&action=edit&redlink=1
Organ Grinder's Swing,/wiki/Organ_Grinder%27s_Swing
Ornithology,/wiki/Ornithology_(composition)
Our Delight,/wiki/Our_Delight
Out of Nowhere,/wiki/Out_of_Nowhere_(Johnny_Green_song)
Over the Rainbow,/wiki/Over_the_Rainbow
Panama,/wiki/Panama_(jazz_standard)
Pannonica,/w/index.php?title=Pannonica_(composition)&action=edit&redlink=1
Paper Doll,/wiki/Paper_Doll_(song)
A Paper Moon,/wiki/It%27s_Only_a_Paper_Moon
Park Avenue Fantasy,/w/index.php?title=Park_Avenue_Fantasy&action=edit&redlink=1
Parker's Mood,/w/index.php?title=Parker%27s_Mood&action=edit&redlink=1
The Party's Over,/wiki/The_Party%27s_Over_(1956_song)
Passion Flower,/w/index.php?title=Passion_Flower_(composition)&action=edit&redlink=1
Peace,/w/index.php?title=Peace_(jazz_standard)&action=edit&redlink=1
Peace Piece,/wiki/Peace_Piece
The Peacocks,/w/index.php?title=The_Peacocks_(song)&action=edit&redlink=1
The Peanut Vendor,/wiki/The_Peanut_Vendor
Peg O' My Heart,/wiki/Peg_O%27_My_Heart
Pennies from Heaven,/wiki/Pennies_from_Heaven_(song)
Pensativa,/wiki/Pensativa
Penthouse Serenade,/wiki/Penthouse_Serenade
People,/wiki/People_(1964_song)
People Will Say We're in Love,/wiki/People_Will_Say_We%27re_in_Love
Perdido,/wiki/Perdido_(song)
Perfidia,/wiki/Perfidia
Petite Fleur,/wiki/Petite_Fleur
Pick Yourself Up,/wiki/Pick_Yourself_Up
Pinetop's Boogie Woogie,/wiki/Pinetop%27s_Boogie_Woogie
The Pink Panther Theme,/wiki/The_Pink_Panther_Theme
Please Be Kind,/wiki/Please_Be_Kind
(Please) Do It Again,/wiki/(Please)_Do_It_Again
Please Don't Talk About Me When I'm Gone,/wiki/Please_Don%27t_Talk_About_Me_When_I%27m_Gone
Please Send Me Someone to Love,/wiki/Please_Send_Me_Someone_to_Love
Poinciana,/wiki/Poinciana_(song)
Polka Dots and Moonbeams,/wiki/Polka_Dots_and_Moonbeams
Poor Butterfly,/wiki/Poor_Butterfly
Portrait of Jennie,/wiki/Portrait_of_Jennie_(song)
Potato Head Blues,/wiki/Potato_Head_Blues
The Preacher,/wiki/The_Preacher_(Horace_Silver_song)
Prelude to a Kiss,/wiki/Prelude_to_a_Kiss_(song)
Prisoner of Love,/wiki/Prisoner_of_Love_(1931_song)
P.S. I Love You,/wiki/P.S._I_Love_You_(1934_song)
Puttin' On the Ritz,/wiki/Puttin%27_On_the_Ritz
Rain Check,/w/index.php?title=Rain_Check_(Billy_Strayhorn_song)&action=edit&redlink=1
Ray's Idea,/w/index.php?title=Ray%27s_Idea&action=edit&redlink=1
Red Cross,/w/index.php?title=Red_Cross_(composition)&action=edit&redlink=1
Red Sails in the Sunset,/wiki/Red_Sails_in_the_Sunset_(song)
Red Top,/w/index.php?title=Red_Top_(song)&action=edit&redlink=1
Reflections,/w/index.php?title=Reflections_(Thelonious_Monk_song)&action=edit&redlink=1
Relaxin' at Camarillo,/w/index.php?title=Relaxin%27_at_Camarillo_(song)&action=edit&redlink=1
Remember,/wiki/Remember_(1925_song)
Rhythm-A-Ning,/wiki/Rhythm-A-Ning
Ring Dem Bells,/w/index.php?title=Ring_Dem_Bells_(song)&action=edit&redlink=1
Riverboat Shuffle,/wiki/Riverboat_Shuffle
Robbins' Nest,/w/index.php?title=Robbins%27_Nest&action=edit&redlink=1
Rockin' Chair,/wiki/Rockin%27_Chair_(1929_song)
Rockin' in Rhythm,/wiki/Rockin%27_in_Rhythm
Rocks in My Bed,/wiki/Rocks_in_My_Bed
Roll 'Em,/w/index.php?title=Roll_%27Em&action=edit&redlink=1
Rosalie,/w/index.php?title=Rosalie_(Cole_Porter_song)&action=edit&redlink=1
Rose of the Rio Grande,/wiki/Rose_of_the_Rio_Grande
Rose Room,/wiki/Rose_Room
Rosetta,/w/index.php?title=Rosetta_(song)&action=edit&redlink=1
'Round Midnight,/wiki/%27Round_Midnight_(song)
Route 66,/wiki/Route_66_(song)
Royal Garden Blues,/wiki/Royal_Garden_Blues
Ruby,/wiki/Ruby_(1952_song)
"Ruby, My Dear","/wiki/Ruby,_My_Dear"
Rudolph the Red-Nosed Reindeer,/wiki/Rudolph_the_Red-Nosed_Reindeer_(song)
Runnin' Wild,/wiki/Runnin%27_Wild_(1922_song)
Russian Lullaby,/w/index.php?title=Russian_Lullaby&action=edit&redlink=1
'S Wonderful,/wiki/%27S_Wonderful
Saint James Infirmary,/wiki/St._James_Infirmary_(song)
Saint Louis Blues,/wiki/Saint_Louis_Blues_(song)
Salt Peanuts,/wiki/Salt_Peanuts
Santa Claus Is Coming to Town,/wiki/Santa_Claus_Is_Coming_to_Town
Satin Doll,/wiki/Satin_Doll
Saturday Night (Is the Loneliest Night of the Week),/wiki/Saturday_Night_(Is_the_Loneliest_Night_of_the_Week)
Say It Isn't So,/wiki/Say_It_Isn%27t_So_(Irving_Berlin_song)
Scrapple from the Apple,/wiki/Scrapple_from_the_Apple
The Second Time Around,/wiki/The_Second_Time_Around
Secret Love,/wiki/Secret_Love_(Doris_Day_song)
See See Rider,/wiki/See_See_Rider
Send in the Clowns,/wiki/Send_in_the_Clowns
Sensa Fine,/w/index.php?title=Sensa_Fine&action=edit&redlink=1
Sent for You Yesterday,/w/index.php?title=Sent_for_You_Yesterday_(song)&action=edit&redlink=1
September in the Rain,/wiki/September_in_the_Rain
The September of My Years,/wiki/The_September_of_My_Years
September Song,/wiki/September_Song
Serenade in Blue,/wiki/Serenade_in_Blue
Serenata,/w/index.php?title=Serenata_(song)&action=edit&redlink=1
Seven Come Eleven,/w/index.php?title=Seven_Come_Eleven&action=edit&redlink=1
The Shadow of Your Smile,/wiki/The_Shadow_of_Your_Smile
Shanghai Shuffle,/wiki/Shanghai_Shuffle
Shaw Nuff,/w/index.php?title=Shaw_Nuff&action=edit&redlink=1
The Sheik of Araby,/wiki/The_Sheik_of_Araby
She's Funny That Way,/w/index.php?title=She%27s_Funny_That_Way_(song)&action=edit&redlink=1
Shim-Me-Sha-Wabble,/w/index.php?title=Shim-Me-Sha-Wabble&action=edit&redlink=1
Shine,/wiki/Shine_(1910_song)
Shine on Harvest Moon,/wiki/Shine_on_Harvest_Moon
Shiny Stockings,/w/index.php?title=Shiny_Stockings&action=edit&redlink=1
Shoe Shine Boy,/w/index.php?title=Shoe_Shine_Boy&action=edit&redlink=1
The Sidewinder,/wiki/The_Sidewinder_(song)
Silent Night,/wiki/Silent_Night
Since I Fell for You,/wiki/Since_I_Fell_for_You
Sing for Your Supper,/wiki/Sing_for_Your_Supper
Sing Me a Swing Song,/w/index.php?title=Sing_Me_a_Swing_Song&action=edit&redlink=1
"Sing, Sing, Sing (With a Swing)","/wiki/Sing,_Sing,_Sing_(With_a_Swing)"
"Sing, You Sinners","/wiki/Sing,_You_Sinners_(song)"
Singin' in the Rain,/wiki/Singin%27_in_the_Rain_(song)
Sippin' at Bells,/w/index.php?title=Sippin%27_at_Bells&action=edit&redlink=1
Sister Sadie,/wiki/Sister_Sadie
Sittin' and Rockin',/w/index.php?title=Sittin%27_and_Rockin%27&action=edit&redlink=1
Skylark,/wiki/Skylark_(song)
A Sleepin' Bee,/wiki/A_Sleepin%27_Bee
Sleepy Time Down South,/wiki/When_It%27s_Sleepy_Time_Down_South
Slow Boat to China,/wiki/(I%27d_Like_to_Get_You_on_a)_Slow_Boat_to_China
Smile,/wiki/Smile_(Charlie_Chaplin_song)
Smoke Gets in Your Eyes,/wiki/Smoke_Gets_in_Your_Eyes
Smooth Sailing,/wiki/Smooth_Sailing
Snake Rag,/wiki/Snake_Rag
Snowfall,/w/index.php?title=Snowfall_(song)&action=edit&redlink=1
So in Love (Am I),/w/index.php?title=So_in_Love_(Am_I)&action=edit&redlink=1
So Rare,/wiki/So_Rare
So What,/wiki/So_What_(composition)
Soft Winds,/wiki/Soft_Winds
"Softly, as in a Morning Sunrise","/wiki/Softly,_as_in_a_Morning_Sunrise"
Solar,/wiki/Solar_(composition)
Solitude,/wiki/(In_My)_Solitude
Sombre Demijour,/w/index.php?title=Sombre_Demijour&action=edit&redlink=1
Some of These Days,/wiki/Some_of_These_Days
Some Other Spring,/w/index.php?title=Some_Other_Spring_(song)&action=edit&redlink=1
Some Skunk Funk,/w/index.php?title=Some_Skunk_Funk&action=edit&redlink=1
Somebody Loves Me,/wiki/Somebody_Loves_Me
Somebody Stole My Gal,/wiki/Somebody_Stole_My_Gal
Someday My Prince Will Come,/wiki/Someday_My_Prince_Will_Come
Someday Sweetheart,/wiki/Someday_Sweetheart
Someone to Watch Over Me,/wiki/Someone_to_Watch_Over_Me_(song)
Something to Live For,/wiki/Something_to_Live_For_(song)
Sometime Ago,/w/index.php?title=Sometime_Ago&action=edit&redlink=1
Sometimes I Feel Like a Motherless Child,/wiki/Sometimes_I_Feel_Like_a_Motherless_Child
Sometimes I'm Happy (Sometimes I'm Blue),/wiki/Sometimes_I%27m_Happy_(Sometimes_I%27m_Blue)
Somewhere Over the Rainbow,/wiki/Over_the_Rainbow
Song for My Father,/wiki/Song_for_My_Father
A Song for You,/wiki/A_Song_for_You
The Song Is Ended,/w/index.php?title=The_Song_Is_Ended&action=edit&redlink=1
The Song Is You,/wiki/The_Song_Is_You_(song)
Song of India,/wiki/Song_of_India_(song)
Song of the Tree,/wiki/Poinciana_(song)
Sonny Boy,/wiki/Sonny_Boy_(song)
Soon,/wiki/Soon_(1927_song)
Sophisticated Lady,/wiki/Sophisticated_Lady
Soul Eyes,/wiki/Soul_Eyes
South,/wiki/South_(composition)
Spain,/wiki/Spain_(composition)
Speak Low,/wiki/Speak_Low
Spring Can Really Hang You Up the Most,/wiki/Spring_Can_Really_Hang_You_Up_the_Most
Spring Is Here,/wiki/Spring_Is_Here
Squatty Roo,/w/index.php?title=Squatty_Roo&action=edit&redlink=1
Squeeze Me,/wiki/Squeeze_Me
St. James Infirmary Blues,/wiki/St._James_Infirmary_Blues
St. Louis Blues,/wiki/Saint_Louis_Blues_(song)
St. Thomas,/wiki/St._Thomas_(song)
Stablemates,/w/index.php?title=Stablemates_(song)&action=edit&redlink=1
Stairway to the Stars,/wiki/Stairway_to_the_Stars
Star Crossed Lovers,/w/index.php?title=Star_Crossed_Lovers&action=edit&redlink=1
Stardust,/wiki/Stardust_(song)
Stars Fell on Alabama,/wiki/Stars_Fell_on_Alabama
Stay as Sweet as You Are,/w/index.php?title=Stay_as_Sweet_as_You_Are&action=edit&redlink=1
Stella by Starlight,/wiki/Stella_by_Starlight
Stolen Moments,/wiki/Stolen_Moments_(song)
Stomp Time Blues,/w/index.php?title=Stomp_Time_Blues&action=edit&redlink=1
Stompin' at the Savoy,/wiki/Stompin%27_at_the_Savoy
Stormy Monday Blues,/wiki/Stormy_Monday_Blues
Stormy Weather,/wiki/Stormy_Weather_(song)
"Straight, No Chaser","/wiki/Straight,_No_Chaser_(composition)"
Straighten Up and Fly Right,/wiki/Straighten_Up_and_Fly_Right
Strange Fruit,/wiki/Strange_Fruit
Stranger in Paradise,/wiki/Stranger_in_Paradise_(song)
Strangers in the Night,/wiki/Strangers_in_the_Night
Street of Dreams,/wiki/Street_of_Dreams_(1932_song)
Strike Up the Band,/wiki/Strike_Up_the_Band_(song)
A String of Pearls,/wiki/A_String_of_Pearls_(song)
Strollin',/wiki/Strollin%27
Strutters' Ball,/wiki/Darktown_Strutters%27_Ball
Struttin' with Some Barbecue,/w/index.php?title=Struttin%27_with_Some_Barbecue&action=edit&redlink=1
Stuffy,/w/index.php?title=Stuffy_(composition)&action=edit&redlink=1
Sugar,/wiki/Sugar_(Maceo_Pinkard_song)
Sugar Blues,/wiki/Sugar_Blues_(song)
Sugar Foot Stomp,/w/index.php?title=Sugar_Foot_Stomp&action=edit&redlink=1
The Summer Knows,/wiki/The_Summer_Knows
Summer Night,/w/index.php?title=Summer_Night_(song)&action=edit&redlink=1
Summertime,/wiki/Summertime_(song)
Sunday,/wiki/Sunday_(jazz_standard)
A Sunday Kind of Love,/wiki/A_Sunday_Kind_of_Love
Sunny,/wiki/Sunny_(song)
Superstition,/wiki/Superstition_(song)
The Surrey with the Fringe on Top,/wiki/The_Surrey_with_the_Fringe_on_Top
Swanee River,/wiki/Old_Folks_at_Home
Sway,/wiki/Sway_(song)
Sweet and Lovely,/w/index.php?title=Sweet_and_Lovely&action=edit&redlink=1
Sweet Georgia Brown,/wiki/Sweet_Georgia_Brown
Sweet Lorraine,/wiki/Sweet_Lorraine
"Sweet Sue, Just You","/wiki/Sweet_Sue,_Just_You"
Sweethearts on Parade,/wiki/Sweethearts_on_Parade
"Swing Low, Sweet Chariot","/wiki/Swing_Low,_Sweet_Chariot"
Swinging the Blues,/w/index.php?title=Swinging_the_Blues&action=edit&redlink=1
Swingmatism,/w/index.php?title=Swingmatism&action=edit&redlink=1
'Tain't Nobody's Biz-ness If I Do,/wiki/Ain%27t_Nobody%27s_Business
Take Five,/wiki/Take_Five
"Take the ""A"" Train",/wiki/Take_the_%22A%22_Train
Taking a Chance on Love,/wiki/Taking_a_Chance_on_Love
Tea for Two,/wiki/Tea_for_Two_(song)
Tenderly,/wiki/Tenderly
Tenor Madness,/wiki/Tenor_Madness
Thank Heaven for Little Girls,/wiki/Thank_Heaven_for_Little_Girls
That Old Feeling,/wiki/That_Old_Feeling_(song)
That's a Plenty,/wiki/That%27s_a_Plenty
That's All,/wiki/That%27s_All_(1952_song)
"That's Earl, Brother","/w/index.php?title=That%27s_Earl,_Brother&action=edit&redlink=1"
That's Why They Call Me Shine,/wiki/Shine_(1910_song)
There Is No Greater Love,/wiki/There_Is_No_Greater_Love
There Must Be Somebody Else,/wiki/There_Must_Be_Somebody_Else
There Will Never Be Another You,/wiki/There_Will_Never_Be_Another_You
There's a Lull in My Life,/w/index.php?title=There%27s_a_Lull_in_My_Life&action=edit&redlink=1
There's a Small Hotel,/wiki/There%27s_a_Small_Hotel
There's No Such Thing As Love,/w/index.php?title=There%27s_No_Such_Thing_As_Love&action=edit&redlink=1
These Foolish Things (Remind Me of You),/wiki/These_Foolish_Things_(Remind_Me_of_You)
They Can't Take That Away from Me,/wiki/They_Can%27t_Take_That_Away_from_Me
They Didn't Believe Me,/wiki/They_Didn%27t_Believe_Me
(They Long to Be) Close to You,/wiki/(They_Long_to_Be)_Close_to_You
Things Ain't What They Used to Be,/wiki/Things_Ain%27t_What_They_Used_to_Be
The Things We Did Last Summer,/wiki/The_Things_We_Did_Last_Summer
This Masquerade,/wiki/This_Masquerade
Three Little Words,/wiki/Three_Little_Words_(song)
Tiger Rag,/wiki/Tiger_Rag
Till There Was You,/wiki/Till_There_Was_You
Time After Time,/wiki/Time_After_Time_(1947_song)
Time On My Hands,/wiki/Time_on_My_Hands_(song)
Time Remembered,/wiki/Time_Remembered
Tin Roof Blues,/wiki/Tin_Roof_Blues
Tin Tin Deo,/w/index.php?title=Tin_Tin_Deo&action=edit&redlink=1
'Tis Autumn,/wiki/%27Tis_Autumn
Toby,/w/index.php?title=Toby_(song)&action=edit&redlink=1
Too Close for Comfort,/wiki/Too_Close_for_Comfort_(1956_song)
Too Darn Hot,/wiki/Too_Darn_Hot
Too Marvelous for Words,/wiki/Too_Marvelous_for_Words
The Trolley Song,/wiki/The_Trolley_Song
Tuxedo Junction,/wiki/Tuxedo_Junction
Twelfth Street Rag,/wiki/Twelfth_Street_Rag
The Two Lonely People,/wiki/The_Two_Lonely_People
Wabash Blues,/wiki/Wabash_Blues
Wait till You See Her,/wiki/Wait_till_You_See_Her
Walkin' Shoes,/w/index.php?title=Walkin%27_Shoes&action=edit&redlink=1
Waltz for Debby,/wiki/Waltz_for_Debby_(song)
Watermelon Man,/wiki/Watermelon_Man_(composition)
Wave,/wiki/Wave_(song)
Way Down Yonder in New Orleans,/wiki/Way_Down_Yonder_in_New_Orleans
The Way You Look Tonight,/wiki/The_Way_You_Look_Tonight
Weary Blues,/wiki/Weary_Blues
Weed Smoker's Dream,/wiki/Why_Don%27t_You_Do_Right%3F
"Well, You Needn't","/wiki/Well,_You_Needn%27t"
West Coast Blues,/wiki/West_Coast_Blues
West End Blues,/wiki/West_End_Blues
What a Little Moonlight Can Do,/wiki/What_a_Little_Moonlight_Can_Do
What a Wonderful World,/wiki/What_a_Wonderful_World
What Can I Say After I Say I'm Sorry?,/wiki/What_Can_I_Say_After_I_Say_I%27m_Sorry%3F
What Is This Thing Called Love?,/wiki/What_Is_This_Thing_Called_Love%3F
Whatever Lola Wants,/wiki/Whatever_Lola_Wants
What's New?,/wiki/What%27s_New%3F
When I Fall in Love,/wiki/When_I_Fall_in_Love
When It's Sleepy Time Down South,/wiki/When_It%27s_Sleepy_Time_Down_South
When My Sugar Walks Down the Street,/wiki/When_My_Sugar_Walks_Down_the_Street
When Sunny Gets Blue,/w/index.php?title=When_Sunny_Gets_Blue&action=edit&redlink=1
When the Saints Go Marching In,/wiki/When_the_Saints_Go_Marching_In
When the Sun Comes Out,/wiki/When_the_Sun_Comes_Out
When You Wish Upon a Star,/wiki/When_You_Wish_Upon_a_Star
When Your Lover Has Gone,/wiki/When_Your_Lover_Has_Gone
When You're Smiling,/wiki/When_You%27re_Smiling
Where Are You?,/wiki/Where_Are_You%3F_(1937_song)
Whiplash,/wiki/Whiplash_(Don_Ellis_song)
Whispering,/wiki/Whispering_(song)
Why Don't You Do Right?,/wiki/Why_Don%27t_You_Do_Right%3F
Wild Man Blues,/w/index.php?title=Wild_Man_Blues_(song)&action=edit&redlink=1
Wild Women Don't Have the Blues,/wiki/Wild_Women_Don%27t_Have_the_Blues
Willow Weep for Me,/wiki/Willow_Weep_for_Me
Windows,/w/index.php?title=Windows_(composition)&action=edit&redlink=1
Witchcraft,/wiki/Witchcraft_(1957_song)
Without a Song,/wiki/Without_a_Song
Wives and Lovers,/wiki/Wives_and_Lovers
Wolverine Blues,/w/index.php?title=Wolverine_Blues_(song)&action=edit&redlink=1
Won't You Come Home Bill Bailey,/wiki/Won%27t_You_Come_Home_Bill_Bailey
Woodchopper's Ball,/wiki/Woodchopper%27s_Ball
Woody 'n' You,/wiki/Woody_%27n%27_You
The World Is Waiting for the Sunrise,/wiki/The_World_Is_Waiting_for_the_Sunrise
Yardbird Suite,/wiki/Yardbird_Suite
"Yes Sir, That's My Baby","/wiki/Yes_Sir,_That%27s_My_Baby_(song)"
Yesterdays,/wiki/Yesterdays_(1933_song)
You and the Night and the Music,/wiki/You_and_the_Night_and_the_Music
You Don't Know What Love Is,/wiki/You_Don%27t_Know_What_Love_Is
You Go to My Head,/wiki/You_Go_to_My_Head
You Make Me Feel So Young,/wiki/You_Make_Me_Feel_So_Young
You Stepped Out of a Dream,/wiki/You_Stepped_Out_of_a_Dream
You Took Advantage of Me,/wiki/You_Took_Advantage_of_Me
You Won't Be Satisfied (Until You Break My Heart),/wiki/You_Won%27t_Be_Satisfied_(Until_You_Break_My_Heart)
You'd Be So Easy to Love,/wiki/You%27d_Be_So_Easy_to_Love
You'd Be So Nice to Come Home To,/wiki/You%27d_Be_So_Nice_to_Come_Home_To
Young and Foolish,/wiki/Young_and_Foolish
Young at Heart,/wiki/Young_at_Heart_(Frank_Sinatra_song)
You're Nobody till Somebody Loves You,/wiki/You%27re_Nobody_till_Somebody_Loves_You
You're the Cream in My Coffee,/wiki/You%27re_the_Cream_in_My_Coffee
You've Got What Gets Me,/wiki/You%27ve_Got_What_Gets_Me
